,key,count
0,伊文思,12
1,3d,12
2,感外,24
3,虚构,84
4,冒险,24
5,时机,12
6,小龙女,36
7,商业,84
8,信念,48
9,剧场版,36
10,情歌,96
11,此片,48
12,患者,12
13,差评,12
14,激起,36
15,清冷,12
16,撤走,24
17,无敌,60
18,位面,12
19,各个,48
20,人士,12
21,从不,24
22,内涵,36
23,高度,72
24,阿比,12
25,毕竟,48
26,心事,24
27,高兴,12
28,竟然,36
29,毫无意义,12
30,专家,12
31,梦想,144
32,差异,12
33,大操大办,12
34,看不起,36
35,摒弃,12
36,大水,12
37,看看,60
38,打下,36
39,竟象,24
40,雨天,156
41,惊喜,36
42,起到,12
43,不喜,12
44,进步,60
45,细线,36
46,exm,24
47,波折,36
48,湿漉,12
49,内敛,48
50,宣传片,84
51,开枪,60
52,女优,12
53,签名,12
54,视点,12
55,花火,24
56,顺带,36
57,就够,36
58,速食,24
59,原罪,12
60,烏雨,36
61,组成,36
62,創作,24
63,无非,12
64,迷信,12
65,生日快乐,12
66,实力,12
67,写出,156
68,故事性,12
69,画幅,12
70,女孩儿,12
71,奥运,12
72,个人利益,36
73,真诚,60
74,制服,48
75,孤独,60
76,小猫,12
77,行动,108
78,融洽,12
79,壓力,12
80,角度,48
81,街道,36
82,老师,24
83,提纯,12
84,恰好,72
85,海量,36
86,个人风格,36
87,噩梦,36
88,连绵,36
89,漏洞,36
90,意义,348
91,拥有,36
92,明明,168
93,不变,12
94,欢乐,72
95,呐喊,48
96,信号,12
97,一下,204
98,高中,12
99,一般,180
100,次元外,24
101,相见,36
102,肩膀,36
103,铃铛,12
104,御风,12
105,原地踏步,12
106,看導演,24
107,应该,492
108,清楚,60
109,太弱,48
110,拉斯,12
111,偏移,36
112,tiff19,12
113,眼见为实,12
114,沙尘,12
115,EVA,60
116,选个,36
117,二位,48
118,后果,48
119,不懂事,36
120,中向,12
121,不得不,36
122,类型化,36
123,形态,132
124,爸爸,12
125,回应,24
126,吊打,24
127,这反,12
128,很能,12
129,裹住,12
130,忽视,72
131,搞不懂,36
132,莽撞,36
133,仙剑,24
134,制造,84
135,解释,60
136,活下去,24
137,审美,60
138,庆幸,12
139,相系,12
140,环保主义者,12
141,专情,12
142,标签,24
143,灵魂,60
144,中心,48
145,飙车,12
146,出彩,12
147,一心一意,12
148,浸透,12
149,浅尝辄止,24
150,诚发,30
151,全村,24
152,线索,48
153,抉择,36
154,传统,48
155,淮河流域,12
156,高歌猛进,12
157,绝大多数,36
158,有血有肉,36
159,急速,48
160,激麦,12
161,傳統,36
162,正是,108
163,一分,48
164,Escape,24
165,好多好多,36
166,论调,12
167,神社,60
168,完帆,36
169,亲子,12
170,擅长,156
171,女孩,96
172,拿个,12
173,大海,144
174,暴力,36
175,略微,36
176,强塞,12
177,细微,12
178,背弃,60
179,这两点,36
180,激發出,12
181,翻湧,36
182,温柔,108
183,还有,504
184,配音,120
185,主体,72
186,天意,36
187,依赖,48
188,诚风,10
189,泪水,36
190,言情,12
191,相隔,12
192,小圭,12
193,恐惧,12
194,2D,36
195,高空,36
196,并非,12
197,可取之处,24
198,夸奖,36
199,断裂,24
200,属于,252
201,切实,36
202,充滿,24
203,落地,36
204,二次元,60
205,996,24
206,多分钟,24
207,或是,180
208,复刻,12
209,发电站,12
210,纯美,12
211,映出,36
212,昏昏欲睡,12
213,遗珠,12
214,船到桥头,24
215,古代,12
216,背影,36
217,写过来,24
218,视角,264
219,便许,12
220,女主是,12
221,锋面雨,24
222,范式,12
223,缘分,12
224,石锤,12
225,丰富化,36
226,更加,156
227,美少年,36
228,着想,36
229,婆之瓜,24
230,洒下,12
231,life,36
232,温馨,24
233,海城,72
234,切入点,24
235,片子,372
236,过客,36
237,水淹,108
238,多一些,12
239,从天,24
240,人神,12
241,升华,36
242,因為,36
243,很迷,36
244,同时,216
245,光是,12
246,塑造,144
247,逝者,12
248,说倦,12
249,提到,36
250,东漂,12
251,造梦,36
252,放手一搏,36
253,用过,6
254,卖座,12
255,诚画,10
256,歌舞伎,36
257,实践,12
258,贴合,12
259,Radwimps,36
260,下雪,12
261,涩谷,36
262,追溯,12
263,自然主义,36
264,一转,12
265,打造,48
266,精雕细琢,36
267,那一刻,24
268,智力,12
269,耐着,12
270,宣传,36
271,普通人,36
272,有时,12
273,wwww,36
274,脑子里,36
275,袭警,36
276,黄说,12
277,哈哈哈哈,36
278,反映,36
279,挑毛病,36
280,交给,36
281,情感冲动,12
282,关心,60
283,帆高会,12
284,嘉里,12
285,可难,12
286,2019,60
287,带领,12
288,严重,72
289,风餐露宿,12
290,围困,12
291,小日子,48
292,左右,12
293,完事,12
294,独家,12
295,小说,108
296,好听,168
297,高清,12
298,赋予,168
299,保留,36
300,人心,108
301,独特,96
302,中心主义,12
303,不易,12
304,好点,12
305,怪兽,12
306,海底,12
307,化成,60
308,過猛,12
309,细田守,60
310,整部,72
311,提追到,12
312,马场,12
313,结局,696
314,动画,948
315,负责,120
316,腻味,24
317,浓郁,36
318,沉溺,36
319,脑洞,48
320,里面,168
321,很燃,12
322,天气之子,759
323,大道理,12
324,学术,12
325,请问,36
326,开头,36
327,可能,600
328,人生意义,12
329,理由,84
330,果然,132
331,男主才,24
332,and,12
333,不是,972
334,换上,12
335,伟大,48
336,威力,36
337,对峙,36
338,佳佑,12
339,为什么,336
340,形象,12
341,你活,12
342,只求,12
343,十分,72
344,不仅仅,12
345,贫瘠,36
346,夹杂着,24
347,世界,4176
348,本质,84
349,同感,24
350,夺眶,12
351,友人,12
352,能够,120
353,回想,24
354,老老实实,36
355,顾全大局,12
356,70,12
357,尴尬,228
358,说不定,48
359,没多,36
360,永远都是,36
361,诚想,10
362,冲突点,12
363,CFR,12
364,归结,12
365,色彩,96
366,高潮,204
367,设计,108
368,轻快,12
369,弧光,12
370,终于,228
371,东一扯,12
372,无聊,120
373,都市病,36
374,完想,12
375,小宇,36
376,添麻烦,36
377,无关,48
378,阿妹,12
379,提炼出,36
380,茂是,36
381,重回,84
382,内心独白,48
383,神话,132
384,二人,192
385,失望,252
386,不输,36
387,轮船,12
388,言情剧,36
389,也罢,60
390,大雨倾盆,24
391,走近,12
392,已经,588
393,银翼,12
394,电影,1572
395,破嘛,24
396,撩妹,36
397,一脸,72
398,止步,24
399,光在,12
400,女二,12
401,纠缠,36
402,用心,12
403,重点,96
404,抛开,24
405,失手,36
406,周边,24
407,后面,60
408,危机,108
409,形状,36
410,科幻,60
411,死去,36
412,顺手,24
413,应景,12
414,凝视,24
415,浪费,36
416,志向,36
417,多少,132
418,赞美,36
419,介绍,48
420,正统,12
421,未免太,36
422,OST,36
423,冲击力,24
424,元气,36
425,上学,12
426,雨真,36
427,肩上,12
428,Grand,24
429,身体,120
430,契合,12
431,祈福,12
432,空洞,168
433,打碎,36
434,推断,36
435,plot,12
436,镜头,216
437,一泡污,12
438,in,48
439,交织着,36
440,分手,36
441,机智,12
442,代价,228
443,档次,12
444,浮躁,36
445,仍然,108
446,指认,36
447,完胜,36
448,北美,12
449,期盼,36
450,开脱,12
451,不计,12
452,弥散,36
453,方向,12
454,灾难片,84
455,在于,96
456,风波,24
457,发散,12
458,我会,264
459,之上,108
460,语言,36
461,走出,12
462,纯粹,132
463,子日,24
464,流离失所,12
465,少年,1908
466,痴迷,12
467,11,12
468,到代,24
469,打瞌睡,12
470,生娃,12
471,接纳,12
472,复制,12
473,看样子,36
474,讲述,72
475,用极,12
476,不顺遂,12
477,安好,12
478,加量,24
479,文弱,36
480,拉斯基,12
481,畜老,12
482,比女主,12
483,每種,36
484,一层,36
485,无法,444
486,天气,789
487,一颗,60
488,这回,36
489,原形,12
490,违和,12
491,唤起,12
492,星空,12
493,繁星,132
494,承担,72
495,画个,12
496,爆点,12
497,而生,36
498,家庭,24
499,民族,72
500,好好看,12
501,差得,36
502,杠精,36
503,动漫,168
504,手铐,36
505,不染,36
506,这才,84
507,鱼状,24
508,禁锢,36
509,语境,48
510,苗头,12
511,地方,384
512,常识,36
513,作者,144
514,很多,612
515,新意,36
516,彼此,168
517,好像,228
518,雨滴,36
519,无所谓,72
520,相连,156
521,无处不在,36
522,神坛,12
523,肖邦,12
524,竞技场,12
525,夏雨雪,36
526,阶段,24
527,赚取,12
528,仅此而已,24
529,选中,12
530,结合,96
531,相濡以沫,12
532,凄美,12
533,无论,48
534,脱离现实,12
535,新生,36
536,生命力,48
537,雨多,12
538,怂货,12
539,看后,12
540,错误,12
541,脑缺,12
542,到底,192
543,蜡烛,12
544,海淹,12
545,尋找屬,12
546,滑稽,12
547,恋爱,456
548,而须,12
549,特别,336
550,机器,36
551,过海,36
552,那雨女,12
553,用尬,24
554,时代,192
555,接近,12
556,对错,12
557,看出,36
558,雨水,108
559,伦理道德,12
560,旅游观光,24
561,史册,36
562,实体,48
563,视频,12
564,坟场,12
565,法则,12
566,那个,372
567,心上人,12
568,依然,396
569,煽情,228
570,贴片,36
571,久违,60
572,异象,12
573,诚哥,816
574,从前,48
575,任何,156
576,所谓,288
577,睡着,24
578,MV,168
579,灵活,12
580,苦痛,36
581,香江,24
582,承认,24
583,宣扬,12
584,两样,12
585,联系,24
586,轨道,36
587,版好,12
588,这群,24
589,期待已久,36
590,雨里,72
591,内容,36
592,......,60
593,特权,12
594,三部曲,36
595,不可理喻,36
596,男主,1020
597,只会炸,36
598,反正,168
599,追寻,60
600,迷惘,12
601,令人感动,12
602,眼光,24
603,见到,24
604,....,96
605,八月,24
606,人吐槽,12
607,过高,36
608,满溢,24
609,越来越,120
610,顺眼,12
611,合法性,48
612,爱恋,48
613,有趣,132
614,动情,48
615,體獻,12
616,掉价,36
617,誠電影,36
618,印象,36
619,政府,12
620,同一个,36
621,恶心,24
622,离开,48
623,主动,60
624,脑残买,12
625,整座,60
626,转眼,24
627,这份,12
628,羡慕,120
629,运用,24
630,完整性,36
631,无时无刻,36
632,不管,300
633,第二部,48
634,运作,12
635,变幻莫测,12
636,帮男主,12
637,打扰,36
638,哄骗,12
639,退回,36
640,之間,12
641,取向,12
642,温情,36
643,哥们儿,36
644,麻烦,48
645,用来,96
646,大成,12
647,可塑,12
648,野秀明,36
649,年岁,12
650,应当,36
651,汇总,12
652,撰稿,12
653,也许,216
654,新白娘子,12
655,燃烧,24
656,安全,36
657,全是,108
658,调动,36
659,似的,60
660,江户,12
661,转折,72
662,过瘾,12
663,爱情故事,144
664,拼命,96
665,那才,36
666,纯纯,12
667,薄软,48
668,之后,288
669,恬静,48
670,LAZY,36
671,孜孜不倦,36
672,关键,12
673,事实上,12
674,组接,12
675,发育,24
676,翻云覆雨,24
677,之点,36
678,星给,72
679,硬拗,48
680,黑屏,60
681,相思病,12
682,就要,168
683,男性,96
684,一边,36
685,一众,36
686,自制,36
687,无知,48
688,现实生活,36
689,诚下,30
690,迟早会,36
691,祈愿,72
692,低龄,12
693,肥宅,12
694,刀片,12
695,back,36
696,胃口,12
697,磕磕绊绊,48
698,云上,12
699,现代文明,12
700,杀手,12
701,风雨,36
702,胡闹,36
703,日影,48
704,每部,72
705,寻新,12
706,逼真,12
707,妹子,48
708,来看,84
709,Catcher,36
710,之境,108
711,全靠,60
712,HE,12
713,之中,48
714,编辑部,12
715,盼望,12
716,--,12
717,持平,12
718,颜色,36
719,触及,36
720,客引,36
721,等到,12
722,产生,168
723,持续,24
724,重复,24
725,自成,36
726,二则,36
727,层次,24
728,掌握,12
729,出镜率,12
730,幸亏,36
731,搞好,36
732,漫画式,12
733,混杂,36
734,有着,60
735,人类,360
736,可怜,12
737,既然,24
738,高于,48
739,扯淡,48
740,挑战,72
741,中二到,48
742,日剧,108
743,抛弃,60
744,聚合,12
745,在历史上,36
746,先生,12
747,愧疚,36
748,事情,132
749,玩意,60
750,可取,12
751,但是,720
752,熟知,12
753,2007,12
754,轰炸,12
755,规矩,12
756,抹杀,36
757,承接,36
758,铁道,12
759,将近,12
760,肥成,24
761,前后,12
762,警方,12
763,落差,48
764,6.6,36
765,年轻一代,12
766,流体,12
767,串烧,60
768,恋人,48
769,鼓励,12
770,2333333,48
771,流下,12
772,池袋,240
773,太熟,48
774,概念,132
775,守护,36
776,章节,12
777,流水,12
778,超英,12
779,画笔,24
780,水平,36
781,马卡龙,12
782,大胸,12
783,贯穿,12
784,沉重,48
785,唯一,228
786,怀着,36
787,之庭时,10
788,按照,12
789,求之不得,24
790,最为,12
791,企业,12
792,年度,12
793,中二病,12
794,對家鄉,12
795,插曲,84
796,海浪,12
797,重重,12
798,凌乱,24
799,意志,72
800,原以为,12
801,难道,168
802,意境,36
803,附会,36
804,塞林格,48
805,连选,12
806,切换,84
807,行云流水,36
808,分镜,60
809,天空,660
810,波动,12
811,阴冷,12
812,尝到,72
813,教会,12
814,电视,12
815,预示,36
816,大家,228
817,一搏,12
818,制作,168
819,星期,12
820,片去,36
821,晚霞,12
822,莫名其妙,108
823,壁纸,204
824,视觉,48
825,下部,24
826,飞扬,12
827,不乏,12
828,自我中心,12
829,逃离,48
830,SAC,36
831,绚丽,12
832,结尾,336
833,消沉,12
834,鲁莽,36
835,覆压,36
836,歌声,24
837,游走,12
838,人们,132
839,須賀,12
840,那得,12
841,评价,96
842,最惨,24
843,一路,12
844,这张,12
845,反其道而行之,36
846,漫威,24
847,他来,12
848,泛滥,24
849,偏快,12
850,祸害,36
851,脖子,12
852,合主義,12
853,星之声,60
854,堆砌,36
855,一声,36
856,习惯,36
857,告白,12
858,天要,12
859,几年,132
860,兴奋剂,12
861,深层,12
862,感更强,12
863,极端,192
864,奉献,120
865,如君名,12
866,舒服,24
867,天命,36
868,城市,612
869,更上层楼,12
870,神化,12
871,乏善可陈,24
872,断崖,36
873,碎片,12
874,爱情片,12
875,意在,36
876,问题,336
877,几千次,12
878,2020,72
879,太坏,12
880,猛烈,12
881,价值,168
882,摩托,36
883,随着,60
884,盛夏,36
885,上帝,72
886,大赏,12
887,下坠,48
888,功劳,12
889,突破,180
890,年少,48
891,专辑,36
892,合乃敢,36
893,ideal,12
894,汇聚,12
895,责任,108
896,长久以来,36
897,徒步,36
898,视听享受,12
899,盛名之下,12
900,只管,12
901,人犯,12
902,菲茨杰拉德,12
903,高中生,144
904,叮当,12
905,剪断,36
906,本可,36
907,翻白眼,12
908,纯爱,276
909,邈远,36
910,简直,84
911,吸睛,12
912,陷入,36
913,會帶,12
914,一举,36
915,阿姨,84
916,强项,12
917,含泪,12
918,什么,1308
919,我命,12
920,亲密关系,36
921,女娲补天,36
922,尽头,36
923,想象,72
924,连雨,12
925,心机,12
926,道教,12
927,纤尘不染,48
928,之前,468
929,诚拍,10
930,可怜见,12
931,每个,156
932,撇去,48
933,代表,180
934,受用,48
935,困难,12
936,否定,12
937,一不討厭,24
938,手机,36
939,之间,168
940,love,12
941,一起,540
942,全景,36
943,上半年,36
944,氛围,12
945,夏美,12
946,恢弘,12
947,相对,60
948,眼神,72
949,淹没,360
950,初晴,36
951,实验,12
952,本月,12
953,痴傻,12
954,一杯,12
955,平衡,24
956,脑海中,36
957,女主来,12
958,精选,36
959,自殺式,12
960,彼岸,12
961,而成,12
962,太过,156
963,第一步,12
964,拍照,12
965,解围,12
966,strange,12
967,抽象,12
968,基本上,132
969,真挚,12
970,唯美,156
971,依次,12
972,部分,216
973,任务,12
974,奋力,24
975,已够,12
976,长成,36
977,计划,12
978,聖母,36
979,断言,12
980,默默,24
981,主观,36
982,radwimps,84
983,不到,180
984,一则,36
985,特异功能,48
986,内心,228
987,好处,12
988,美少女,72
989,下苦,12
990,credit,36
991,老家,48
992,立场,72
993,新海诚,816
994,木挺行,24
995,预期,132
996,实际上,156
997,一百亿,36
998,低迷,12
999,当然,228
1000,君名,696
1001,方法,36
1002,批评,12
1003,手线,72
1004,侮辱,84
1005,还是,2004
1006,愤怒,96
1007,看待,12
1008,摸索,24
1009,很棒,36
1010,无愧于心,36
1011,围绕,60
1012,火冒三丈,36
1013,比较,192
1014,仁者见仁,12
1015,配方,72
1016,一味,36
1017,森岛,12
1018,公路,84
1019,心像,36
1020,Toho,12
1021,远比,36
1022,凝滞,12
1023,身份证明,36
1024,张艺谋,12
1025,勇猛,12
1026,饥饿,12
1027,经不起,36
1028,意识形态,12
1029,其中,84
1030,破碎,12
1031,空气,36
1032,焕发,72
1033,比如,168
1034,羞耻,12
1035,呼喊,48
1036,因素,84
1037,阿宅,12
1038,聒噪,72
1039,说真的,36
1040,进退失据,36
1041,脸上,36
1042,疾风,12
1043,如何,120
1044,立意,36
1045,水来,12
1046,影院,192
1047,复杂,12
1048,莫名,60
1049,参观,12
1050,打断,36
1051,文化,72
1052,作用,24
1053,炫目,36
1054,灿烂,36
1055,屡屡,12
1056,他画,12
1057,旧酒,12
1058,四方,48
1059,萧敬腾,60
1060,出独,12
1061,发生,120
1062,存续,12
1063,小女孩,12
1064,美的,60
1065,不管不顾,60
1066,迷惑,48
1067,大爱来,12
1068,强大,12
1069,没太大,24
1070,那首,48
1071,口碑,12
1072,梅雨季,36
1073,顽固,36
1074,性欲,12
1075,很烂,12
1076,渴望,36
1077,事业,12
1078,trailer,36
1079,理想主义,12
1080,自圆其说,12
1081,可以,1320
1082,角色,348
1083,下雨,360
1084,接受,204
1085,在意,24
1086,败笔,12
1087,恰到好处,12
1088,补新,12
1089,狂热,12
1090,不服,12
1091,高考,12
1092,青春期,120
1093,光束,12
1094,残酷,84
1095,女二说,12
1096,怪谈,60
1097,鸟居,132
1098,产物,12
1099,一部分,60
1100,沉溺在,36
1101,和绫音,12
1102,性别,12
1103,自主,36
1104,轻轻,48
1105,老泪纵横,12
1106,小学生,120
1107,包含,36
1108,十五,36
1109,为何,108
1110,彩蛋,204
1111,强迫症,12
1112,少才,12
1113,命运,180
1114,爆米花,12
1115,撼動,12
1116,品牌,24
1117,通往,36
1118,罢了,48
1119,自力,12
1120,绵延,12
1121,阶段性,12
1122,极致,204
1123,行为,168
1124,完一波,24
1125,既色气,12
1126,下喊出,12
1127,形式,84
1128,真人版,36
1129,天马行空,12
1130,不肯,24
1131,奇迹,24
1132,解釋,12
1133,二号,36
1134,一个,2064
1135,少年郎,12
1136,劇本,48
1137,神圣,12
1138,一齐,36
1139,很星,36
1140,差到,36
1141,青春年少,36
1142,三星,180
1143,一首歌,12
1144,制成,36
1145,回到,180
1146,震住,36
1147,轰然,24
1148,打包,24
1149,心晴,12
1150,迎接,36
1151,至于,60
1152,空镜,36
1153,参见,12
1154,惊艳,24
1155,弟弟,204
1156,新高峰,12
1157,不满,60
1158,感同身受,48
1159,田村,12
1160,奇妙,48
1161,大众,72
1162,全场,12
1163,带来,132
1164,姑娘,12
1165,赞绝,12
1166,缝隙,60
1167,栗子,12
1168,一下子,12
1169,五言,12
1170,神宫,12
1171,一向如此,12
1172,攻壳,36
1173,烟气,24
1174,勉强,24
1175,听到,60
1176,一样,696
1177,掩盖,36
1178,挽救,12
1179,sensational,12
1180,全篇,12
1181,恶搞,36
1182,现状,12
1183,这次,396
1184,无瑕,36
1185,尷尬,24
1186,沉默,48
1187,模糊,48
1188,衍生,36
1189,观感,96
1190,违规,12
1191,准确,24
1192,十六岁,12
1193,皆大欢喜,12
1194,背叛,36
1195,大自然,12
1196,乱炖,12
1197,宣告,12
1198,纯净,12
1199,系统,72
1200,把绫波,24
1201,抚养权,12
1202,不太好,12
1203,恐水症,12
1204,久久,36
1205,对立,96
1206,小时,264
1207,学会,60
1208,真惨,24
1209,啥意思,24
1210,不用说,12
1211,一座,72
1212,不难,12
1213,熟悉,168
1214,宁静,12
1215,天边,12
1216,看起来,48
1217,19,84
1218,800,12
1219,目光,84
1220,获取,12
1221,差别,24
1222,背景图,12
1223,目白,12
1224,亮点,108
1225,不失,36
1226,能算,12
1227,仅仅只是,12
1228,居然,156
1229,魂火,36
1230,日本,1092
1231,若能,12
1232,凯撒,24
1233,面表,12
1234,giltch,36
1235,海贝,12
1236,PS,108
1237,不停,132
1238,桌子,36
1239,像是,48
1240,献给,24
1241,心气,96
1242,不堪一击,48
1243,调不动,12
1244,一天,84
1245,便是,24
1246,健三,12
1247,触目惊心,12
1248,轻巧,12
1249,明白,72
1250,贴切,36
1251,视死如归,36
1252,男生,36
1253,奢侈,36
1254,缺中,36
1255,烦人,36
1256,花猫,12
1257,进影院,24
1258,外甥,12
1259,自负,36
1260,老套,48
1261,全剧,36
1262,关乎,36
1263,成人,216
1264,低于,36
1265,被判,12
1266,水漫,36
1267,刚好,36
1268,当作,12
1269,喜好,12
1270,没什么,180
1271,焦虑,12
1272,其他,108
1273,四平八稳,48
1274,癫狂,36
1275,隐秘,12
1276,海报,12
1277,小孩,108
1278,得似,36
1279,取舍,24
1280,预设,36
1281,映画,12
1282,几秒,36
1283,orz,12
1284,20191102,12
1285,几将,12
1286,扭头,12
1287,锡兰,36
1288,套路,156
1289,获得,84
1290,刻画,48
1291,翘班去,36
1292,乱七八糟,24
1293,同行,12
1294,企鹅,84
1295,YYing,12
1296,不講,36
1297,而且,264
1298,横滨,12
1299,下来,24
1300,画水,12
1301,执迷,36
1302,分镜头,12
1303,核心,72
1304,飞翔,36
1305,外界,60
1306,眼里,48
1307,突袭,12
1308,圆熟,12
1309,大局,144
1310,分裂,12
1311,几次,84
1312,他妈的,96
1313,压抑,12
1314,秩序,96
1315,潦草,84
1316,初体验,12
1317,贪心,12
1318,真的,1680
1319,抵达,12
1320,扑鼻而来,12
1321,11.2,36
1322,决定,72
1323,心声,12
1324,对胃口,12
1325,诚怕,10
1326,人设,72
1327,很大,132
1328,他会,12
1329,停下来,12
1330,时隔,36
1331,票钱值,12
1332,敢于,36
1333,永恒不变,12
1334,表现力,24
1335,此作,12
1336,两周,36
1337,反而,156
1338,阴晴不定,12
1339,不过,564
1340,说白了,36
1341,至今,24
1342,直接,168
1343,弹性,12
1344,分开,12
1345,大打折扣,12
1346,特效,24
1347,没有,1680
1348,超脱,72
1349,白衣,12
1350,单拿,12
1351,一緒,48
1352,婚纱影楼,48
1353,初衷,12
1354,静安,12
1355,站不住脚,12
1356,绝对,72
1357,本人,48
1358,困境,24
1359,这句,72
1360,大义,24
1361,粉丝,36
1362,糟糕,72
1363,力量,228
1364,炒学,12
1365,超广角,36
1366,真正,288
1367,弱者,12
1368,亚特兰蒂斯,36
1369,吃不消,12
1370,以来,36
1371,每看,12
1372,表演,48
1373,鲜明,72
1374,太扯,12
1375,当时,12
1376,一怒,12
1377,神奇,24
1378,河童,12
1379,状态,144
1380,垮掉,12
1381,人间地狱,12
1382,转场,48
1383,烦躁,72
1384,人员,48
1385,誠哥,120
1386,处理,96
1387,胸部,12
1388,好气,36
1389,官僚主义,36
1390,旋律,48
1391,思维,12
1392,胸妹,12
1393,生理,84
1394,玩意儿,60
1395,公子哥,36
1396,good,12
1397,原汁原味,36
1398,他人,84
1399,淹城,36
1400,理解,120
1401,丢失,36
1402,吴京,24
1403,造型,12
1404,一响,12
1405,快速,12
1406,打破,12
1407,心有余而力不足,12
1408,少年时代,72
1409,面面俱到,12
1410,诚疯,30
1411,前无古人,12
1412,远达,36
1413,厘米,98
1414,拉面,24
1415,一人,12
1416,身份,84
1417,醍醐,12
1418,抵抗,48
1419,最艮,36
1420,看过,108
1421,一星,48
1422,多难,36
1423,六本木,48
1424,好玩,36
1425,物语,12
1426,贱人,12
1427,神来之笔,36
1428,禁闭,12
1429,是从,36
1430,基础,12
1431,双重,36
1432,热火朝天,12
1433,相反,48
1434,救一人,12
1435,POV,24
1436,累赘,12
1437,而疗,48
1438,看厌,24
1439,飞奔,36
1440,难以,36
1441,特意,12
1442,其实,348
1443,歪路,60
1444,构建,12
1445,肯定,72
1446,直截了当,36
1447,集体,144
1448,无畏,36
1449,医院,12
1450,迷濛,24
1451,难以忍受,12
1452,抵挡,12
1453,心疼,24
1454,压力,36
1455,客串,120
1456,冲突,228
1457,说实话,84
1458,掌控,12
1459,的确,24
1460,拔高,24
1461,双人,108
1462,关键时刻,24
1463,或者,276
1464,加在一起,12
1465,隔离,36
1466,释然,24
1467,接下来,36
1468,交易,12
1469,景色,60
1470,上天,24
1471,控诉,48
1472,耀眼,12
1473,初恋,72
1474,太中,36
1475,执行,36
1476,新宿,312
1477,帝女,12
1478,深受感动,36
1479,渲染,72
1480,奇奇怪怪,12
1481,大法,36
1482,送上,12
1483,一对,24
1484,一些,276
1485,底下,36
1486,至上,84
1487,两人,108
1488,高田,12
1489,店员,12
1490,男主好,36
1491,負面,24
1492,影评,36
1493,有点,624
1494,太好了,12
1495,面目,36
1496,后无来者,12
1497,遊走,12
1498,永远,528
1499,事件,36
1500,诸如,36
1501,动容,96
1502,哭鼻子,36
1503,紧握,12
1504,成为,276
1505,分别,48
1506,首映,84
1507,诚对,90
1508,国家,36
1509,反叛,120
1510,结果,204
1511,无妨,12
1512,翱翔,12
1513,决心,12
1514,摸不着头脑,12
1515,收尾,36
1516,阻断,12
1517,遇上,12
1518,这些,360
1519,多次,24
1520,略低,12
1521,淹水,48
1522,再见,60
1523,反應,12
1524,酱油,36
1525,小妹,36
1526,合理化,12
1527,不值钱,24
1528,重逢,108
1529,缱绻,12
1530,创造力,36
1531,没完没了,24
1532,一条,24
1533,成功,192
1534,彩虹,108
1535,不少,216
1536,曾经,72
1537,独立,60
1538,好棒,12
1539,颠覆,36
1540,不過,12
1541,电影界,48
1542,磅礴,36
1543,趋向,36
1544,反水,48
1545,地酸,12
1546,消亡,12
1547,借此,12
1548,回来,120
1549,地被,36
1550,上次,48
1551,几毛钱,36
1552,驻扎,12
1553,读后,12
1554,一贯,132
1555,男主能,36
1556,滚滚,12
1557,主线,84
1558,开起,24
1559,东瀛,36
1560,诚哥成,36
1561,轻狂,12
1562,忐忑,24
1563,海枯石烂,36
1564,科学,24
1565,声美,12
1566,妳在,12
1567,童话般,12
1568,奔跑,336
1569,戒指,24
1570,云团,12
1571,JR,36
1572,柔美,36
1573,一种,816
1574,你好,12
1575,理会,12
1576,七八,12
1577,简单明了,12
1578,对于,240
1579,汪洋,12
1580,动作,36
1581,一波,60
1582,看着,60
1583,元素,204
1584,范儿,12
1585,跨越,12
1586,哪一部,24
1587,星星,12
1588,搞笑,24
1589,某种,36
1590,you,24
1591,穿过,84
1592,塔尔,12
1593,不久,24
1594,小奶,12
1595,然而,264
1596,丰富,24
1597,陪伴,36
1598,工作,96
1599,时间差,12
1600,天台,24
1601,haha,12
1602,弥漫,12
1603,桑田,12
1604,龙舟,12
1605,令人厌倦,36
1606,推进,120
1607,稍许,24
1608,原因,192
1609,必然,96
1610,身后,24
1611,附近,36
1612,保证,12
1613,铺面,12
1614,男主是,12
1615,碾压,12
1616,刚刚,48
1617,亲床,36
1618,对方,96
1619,画风,420
1620,一女,12
1621,阴雨,60
1622,理想,72
1623,出色,84
1624,犯法,12
1625,全部,108
1626,全片,168
1627,对光,12
1628,帆高想,36
1629,自然灾害,36
1630,爆裂,12
1631,难度,24
1632,血液,12
1633,沉稳,12
1634,崩毁,48
1635,权威,36
1636,动画电影,60
1637,感好,12
1638,WRITING,36
1639,成千上万,72
1640,一时,60
1641,影響,24
1642,大吼大叫,36
1643,病房,12
1644,闪回,48
1645,无数次,12
1646,陈工,12
1647,难受,36
1648,不够,144
1649,失败,120
1650,样子,144
1651,优秀,96
1652,喧宾夺主,12
1653,哪怕,192
1654,超能力,96
1655,反常,12
1656,前景,12
1657,引子,12
1658,提一嘴,12
1659,审美疲劳,12
1660,怎敢,36
1661,冷漠,72
1662,野田,120
1663,符合,72
1664,心性,36
1665,长达近,36
1666,接不上,36
1667,其二,36
1668,差太远,12
1669,弱些,12
1670,这场,12
1671,故事,2460
1672,歌词,72
1673,漂亮,84
1674,在内,12
1675,冷酷,12
1676,意味着,24
1677,威尼斯,48
1678,此前,24
1679,自白,60
1680,好友,36
1681,诚都会,10
1682,心理,36
1683,四部,24
1684,诚不愿,40
1685,难能可贵,12
1686,酷帅,12
1687,学学,12
1688,做点,12
1689,刻意,240
1690,矫情,108
1691,近乎,24
1692,除了,264
1693,现在,384
1694,来个,12
1695,不足,72
1696,男子,12
1697,片尾,36
1698,第二次,12
1699,情侣,60
1700,废柴,36
1701,勇闯,12
1702,赞歌,12
1703,总之,96
1704,质感,12
1705,女友,84
1706,以高,12
1707,昙花一现,12
1708,期冀,12
1709,正确,72
1710,前放,36
1711,CGV,12
1712,偷笑,36
1713,连连,12
1714,施耐德,12
1715,桥段,120
1716,不应止,12
1717,说明,12
1718,眼看,12
1719,偏慢,12
1720,延伸,12
1721,总体,24
1722,退步,132
1723,抉擇,36
1724,伏笔,12
1725,正片,48
1726,别离,12
1727,清澈,12
1728,告诉,132
1729,凑合着,12
1730,成分,12
1731,纠结,24
1732,爱情,888
1733,稍显,24
1734,多加,36
1735,天天,60
1736,不买账,12
1737,出来,336
1738,哇塞,36
1739,梦中,24
1740,天地,72
1741,幸福,60
1742,物理,12
1743,当中,12
1744,与世隔绝,36
1745,一副,12
1746,宿命,60
1747,惊呆,12
1748,团块,12
1749,作有,10
1750,relationship,12
1751,号口,12
1752,童男童女,24
1753,如雨中,12
1754,paste,12
1755,来自,84
1756,現實,36
1757,房间,12
1758,镜头感,36
1759,祭給,12
1760,于是,132
1761,人间,108
1762,新干线,12
1763,补正,12
1764,走上,60
1765,塞进去,36
1766,直观,12
1767,捉襟见肘,36
1768,道路,72
1769,圆爱,12
1770,凉白开,12
1771,实践性,12
1772,变成,300
1773,有意思,60
1774,寻回,60
1775,刺眼,36
1776,故事会,12
1777,不得了,36
1778,堆叠,36
1779,几岁,24
1780,水漫金山,24
1781,喜剧,36
1782,之源,12
1783,重要,216
1784,诚去,20
1785,大概,228
1786,妨碍,60
1787,影子,36
1788,焦虑不安,12
1789,实在,156
1790,载体,36
1791,前者,24
1792,赞誉,12
1793,玄幻,12
1794,众多,36
1795,小姐姐,12
1796,时泪目,12
1797,藉此,12
1798,干净,12
1799,奶茶,12
1800,天门,72
1801,雷德,12
1802,开启,12
1803,洗刷,12
1804,从中,12
1805,一半,48
1806,终究,48
1807,扮相,36
1808,死角,12
1809,对应,36
1810,亲情,12
1811,12,24
1812,专心,12
1813,以下,12
1814,超过,72
1815,诚找,10
1816,名段,36
1817,水滴,12
1818,真要命,36
1819,虚伪,12
1820,竖子成名,36
1821,剪辑,192
1822,加一星,60
1823,有毒,12
1824,建议,12
1825,手中,12
1826,左派,12
1827,铺垫,108
1828,经得起,24
1829,破坏,48
1830,悲剧,12
1831,车厢,36
1832,粗暴,48
1833,顺畅,12
1834,别说,36
1835,举动,36
1836,大写,12
1837,回去,132
1838,超出,12
1839,完美,360
1840,搞些,12
1841,说服力,48
1842,心情,96
1843,一口,12
1844,搞不好,24
1845,伙伴,12
1846,一年,72
1847,一片,84
1848,到极点,36
1849,狂奔,72
1850,全在,12
1851,关注,12
1852,一幕,48
1853,循环,12
1854,趣味,12
1855,尚未,24
1856,妹妹,48
1857,同時,12
1858,混乱,84
1859,个体,120
1860,做梦,48
1861,这要,24
1862,只会,36
1863,之子,201
1864,与其说是,48
1865,发现,60
1866,屋顶,36
1867,只有,408
1868,绿小,36
1869,不切实际,12
1870,联想,36
1871,神秘,36
1872,吹出来,36
1873,没立,36
1874,打消,36
1875,焰火,36
1876,親人,12
1877,人会,72
1878,娱乐性,12
1879,敬畏,12
1880,专门,72
1881,懂得,12
1882,占卜师,12
1883,救赎,72
1884,是果,36
1885,任凭,36
1886,he,36
1887,不知所谓,48
1888,鬼才,36
1889,大楼,48
1890,放晴,168
1891,无病呻吟,48
1892,紧密,60
1893,几处,24
1894,屏幕,12
1895,上映,84
1896,偏见,12
1897,表现,192
1898,美而,48
1899,雨雪,36
1900,过家家,36
1901,人物,672
1902,两名,12
1903,神女,12
1904,声画乐,12
1905,奋战,12
1906,抱头痛哭,12
1907,更大,72
1908,说辞,12
1909,流连忘返,36
1910,终止,12
1911,最爱言叶,10
1912,而言,48
1913,干瘪,12
1914,铁轨,72
1915,還沒有,36
1916,二度,60
1917,想见,36
1918,通篇,36
1919,不伦不类,24
1920,气候变化,24
1921,导演,264
1922,海棠,204
1923,铿锵有力,12
1924,恭喜,36
1925,乃至,12
1926,最后,852
1927,一笔,24
1928,冬日,36
1929,门槛,12
1930,戏码,60
1931,完璧,36
1932,大脑,24
1933,珍惜,12
1934,多远,36
1935,弱智,60
1936,13,12
1937,拉扯,36
1938,力不从心,24
1939,哪有什么,12
1940,言叶到,36
1941,作为,360
1942,20200314,12
1943,别的,24
1944,必经,36
1945,诚有,10
1946,离家出走,324
1947,尊严,60
1948,献身,132
1949,年代,24
1950,未来,84
1951,渐渐,12
1952,速五,10
1953,误会,24
1954,预想,36
1955,地上,36
1956,出乎,48
1957,大桥,36
1958,是不是,108
1959,书店,12
1960,驱使,12
1961,潮湿,120
1962,雨季,24
1963,如你所愿,12
1964,要说,36
1965,空间,132
1966,乱入,60
1967,ps,12
1968,集权,36
1969,爱好,24
1970,回忆,48
1971,逊色,12
1972,一集,36
1973,天气预报,12
1974,来切,12
1975,自然风光,12
1976,嵌入,12
1977,chick,12
1978,千年,12
1979,沒有,60
1980,第三,12
1981,影射,12
1982,马上,36
1983,原本,216
1984,神隐,12
1985,或许,192
1986,律师函,36
1987,年龄,72
1988,明日,12
1989,人住,12
1990,3DCG,36
1991,帮助,12
1992,呼吸,36
1993,自以为是,12
1994,人为,12
1995,绝感,12
1996,个个,12
1997,乌云,12
1998,可男主,12
1999,认为,72
2000,相依为命,24
2001,波澜,12
2002,荒唐,12
2003,组成部分,36
2004,共情,36
2005,年轻人,132
2006,音效,24
2007,內心,36
2008,單一成長,36
2009,大多数,60
2010,只能,180
2011,things,12
2012,同调,36
2013,彼此之间,36
2014,淹成,12
2015,优点,12
2016,无意间,36
2017,得到,36
2018,加持,36
2019,一窍不通,12
2020,荧幕,84
2021,无奈,12
2022,后来,12
2023,咳嗽,12
2024,有点像,12
2025,前半场,36
2026,方面,84
2027,嘲弄,36
2028,吵闹,36
2029,放大,12
2030,随口,36
2031,天下,24
2032,那龙图,12
2033,偶尔,12
2034,种种,12
2035,发挥,84
2036,最大,108
2037,短评,132
2038,耐心,12
2039,中圆,36
2040,过好,24
2041,蹩脚,36
2042,之庭,140
2043,年輕,36
2044,笔下,24
2045,讲究,12
2046,反抗,156
2047,此岸,12
2048,越缩,36
2049,金主,12
2050,纷纷,12
2051,暴露出,36
2052,话题,36
2053,就行了,24
2054,年龄阶段,12
2055,真诚地,12
2056,反转,48
2057,醒醒,12
2058,质量,48
2059,归于,12
2060,减少,12
2061,无感,36
2062,雖然,12
2063,随便,72
2064,制止,24
2065,加成,36
2066,兴许,24
2067,老爷爷,12
2068,撒手不管,24
2069,尽忠职守,12
2070,配器,24
2071,如同,48
2072,赞赏,48
2073,有失,12
2074,注重,60
2075,最高,24
2076,哪边,12
2077,连讨,36
2078,只貓,24
2079,作战,12
2080,西一扯,12
2081,应召女,36
2082,日文,12
2083,救世,24
2084,说服,12
2085,两颗,12
2086,冒出来,36
2087,幻想,180
2088,这是,360
2089,致命,36
2090,二十天,36
2091,湖海,12
2092,助推,36
2093,宣泄,12
2094,万幸,12
2095,夸张,12
2096,小姐,84
2097,有个,84
2098,五星,144
2099,出口,12
2100,何尝,12
2101,相应,12
2102,自从,24
2103,深深,36
2104,热门,12
2105,那么,372
2106,单薄,108
2107,怪力乱神,12
2108,主在,48
2109,这套,12
2110,大公无私,12
2111,脚步,12
2112,無誤,24
2113,拍打,36
2114,面前,36
2115,不为过,12
2116,狂魔,36
2117,烟火,24
2118,长得,24
2119,老头,12
2120,童话,108
2121,忠于,12
2122,丝丝入扣,12
2123,偏偏,60
2124,宣布,12
2125,早期,36
2126,然后,528
2127,小哥,36
2128,跳出,48
2129,失踪,36
2130,再令,36
2131,免不了,12
2132,雅虎,36
2133,性子,12
2134,洞开,12
2135,乌云密布,36
2136,横亘,12
2137,捡回来,12
2138,html,12
2139,冲动,24
2140,诚前,10
2141,硬核,60
2142,那种,216
2143,暴风雪,12
2144,警察署,36
2145,大功告成,12
2146,背道而驰,36
2147,手法,60
2148,声势浩大,36
2149,冲向,36
2150,天际,12
2151,兴趣,24
2152,深刻,24
2153,抗拒,36
2154,被迫,12
2155,剧里,36
2156,借用,12
2157,揭露,12
2158,..,60
2159,酥胸,36
2160,堂吉诃德,36
2161,持枪,84
2162,爱如,48
2163,多言,12
2164,每当,12
2165,意味,12
2166,伤心,12
2167,每次,60
2168,铁塔,36
2169,解读,24
2170,上天入地,48
2171,加上,60
2172,哪个,24
2173,诚式,30
2174,tv,12
2175,情绪,396
2176,感官,48
2177,轉變,12
2178,思想,36
2179,硬是,12
2180,项链,12
2181,我洋,36
2182,有迹可循,12
2183,绘制,24
2184,范畴,12
2185,還會,36
2186,没想到,132
2187,達到,12
2188,富有,24
2189,复调,36
2190,知乎,12
2191,必有,36
2192,哪来,12
2193,7.6,12
2194,总在,36
2195,结束,24
2196,生成,72
2197,沒勁,36
2198,前部,12
2199,北京,48
2200,淫雨,12
2201,叛逆,24
2202,衝動,12
2203,文献,12
2204,小镇,36
2205,远景,48
2206,非但,72
2207,結果,12
2208,途中,72
2209,时分,12
2210,壮阔,36
2211,45,12
2212,我求,12
2213,新鲜,24
2214,不看,24
2215,诸多,12
2216,早已,12
2217,weathering,48
2218,小偷,60
2219,爱是,12
2220,小家,12
2221,差點,12
2222,新作,72
2223,本来,492
2224,不如,228
2225,君達何,24
2226,好感,12
2227,社会活动,36
2228,句子,36
2229,全国,36
2230,补强,12
2231,京都,48
2232,不好,216
2233,刊里,12
2234,東京為,12
2235,拍萝莉,12
2236,讲故事,240
2237,受众,12
2238,有人,108
2239,懵懂,24
2240,已难,12
2241,经常,60
2242,赐予,24
2243,看前,12
2244,意料之中,48
2245,太短,12
2246,相处,36
2247,连接起来,48
2248,你的名字,1837
2249,欢愉,36
2250,龙状云,12
2251,二个,24
2252,一刻,60
2253,漩涡,12
2254,彗星,36
2255,长大成人,12
2256,意思,36
2257,加入,36
2258,旁边,72
2259,电车,84
2260,引发,36
2261,晴女,288
2262,楼房,24
2263,漏洞百出,48
2264,消耗,12
2265,知惠袋,36
2266,提出,36
2267,嘶吼,96
2268,后现代,36
2269,浪漫主义,36
2270,孤绝,12
2271,间隔,36
2272,旁支,12
2273,熱血地,36
2274,救回,24
2275,进去,48
2276,下巴,48
2277,绚烂,12
2278,copy,12
2279,烟花,108
2280,视觉享受,12
2281,维持,24
2282,别跟我,12
2283,细雨,24
2284,少男,36
2285,nice,12
2286,合十,12
2287,小小的,12
2288,探讨,12
2289,无能,36
2290,有完没完,24
2291,诚在,110
2292,地步,48
2293,半钟,36
2294,青烟,12
2295,暗示,24
2296,花泽,48
2297,区别,36
2298,长期,12
2299,说完,36
2300,老油条,12
2301,生命,156
2302,不论,72
2303,自然法则,24
2304,雪花,48
2305,稀碎,36
2306,点燃,12
2307,汗颜,12
2308,追捕,36
2309,幸运,12
2310,神迹,36
2311,苦大仇深,12
2312,一遍,60
2313,作画,336
2314,依旧,480
2315,超常发挥,12
2316,苏打,48
2317,张爱玲,36
2318,欣赏,36
2319,再好不过,12
2320,犹如,24
2321,寓言,48
2322,两重性,36
2323,lol,12
2324,目的,60
2325,计较,24
2326,强逆,24
2327,生态,60
2328,那些,264
2329,随机,36
2330,生气,36
2331,帆高初,36
2332,娃娃,36
2333,说不上,48
2334,3.5,96
2335,61,36
2336,一切,144
2337,模式化,108
2338,越久,36
2339,未成年人,48
2340,皮条客,36
2341,构思,36
2342,何妨,12
2343,走过,60
2344,81,12
2345,主要,84
2346,執著,24
2347,分外,12
2348,街景,24
2349,售货员,36
2350,去世,36
2351,英雄,60
2352,直球,72
2353,被窝,12
2354,牺牲,840
2355,诚以,10
2356,早椰香,36
2357,...,348
2358,看诚哥,12
2359,滲透,36
2360,大会,36
2361,台场,72
2362,追逐,180
2363,南海,12
2364,边界,60
2365,有力,84
2366,换成,72
2367,往返,36
2368,这样,888
2369,推敲,36
2370,太虚,24
2371,25,12
2372,命脉,36
2373,观看,108
2374,flick,12
2375,地震,36
2376,RAD,48
2377,中太难,12
2378,炫美,72
2379,朴素,36
2380,这部,816
2381,十遍,12
2382,线上,12
2383,26,24
2384,水准,156
2385,可怕,72
2386,年份,12
2387,整件事,12
2388,脚本,108
2389,二流,12
2390,稀薄,48
2391,过后,72
2392,逐渐,36
2393,燃到,12
2394,180,36
2395,论文,12
2396,同类,12
2397,诚讲,30
2398,个言叶,30
2399,挽留,24
2400,漫长,12
2401,理性,72
2402,3D,72
2403,无辜,36
2404,深感,12
2405,流动性,36
2406,人换,12
2407,更进一步,12
2408,就是,2112
2409,几部,12
2410,软绵绵,36
2411,考量,36
2412,回味,48
2413,云彩,36
2414,推力,12
2415,小栗旬,180
2416,生于,36
2417,好美,84
2418,采用,60
2419,描写,36
2420,强忍,12
2421,一家,36
2422,取景,60
2423,描述,36
2424,文艺,24
2425,重量,48
2426,直到,48
2427,溢出,36
2428,云层,24
2429,大片,12
2430,无趣,12
2431,早恋,12
2432,两者,60
2433,十佳,12
2434,超现实,48
2435,唏嘘,36
2436,上海,36
2437,给出,12
2438,诚牛,30
2439,大气,12
2440,好几个,36
2441,治疗,36
2442,背负,36
2443,好好,96
2444,私心,60
2445,遇见,168
2446,万米,12
2447,巨作,12
2448,老哥,84
2449,早场,60
2450,控和,36
2451,变明,12
2452,热泪盈眶,108
2453,名单,36
2454,做人,36
2455,高中毕业,72
2456,全程,60
2457,world,12
2458,满满,12
2459,消失,24
2460,下次,36
2461,精巧,12
2462,天上,96
2463,愈大,12
2464,热带雨林,36
2465,畫風,24
2466,俗气,60
2467,秒速,100
2468,童心,12
2469,清澈见底,12
2470,坂元裕,12
2471,目的性,12
2472,四叶,72
2473,远古时代,36
2474,进行,60
2475,罗素,24
2476,虐心,36
2477,美国,24
2478,普遍,12
2479,14,24
2480,弥补,12
2481,做饭,12
2482,气息,48
2483,季节,36
2484,很丧,12
2485,一世,12
2486,办法,12
2487,现实感,12
2488,嚎叫,36
2489,动辄,36
2490,熱情,12
2491,成本,36
2492,跳伞,60
2493,穿云,36
2494,特大,24
2495,轻飘,24
2496,狗屎,12
2497,留念,12
2498,丰富多彩,36
2499,多半,12
2500,守望,24
2501,单纯,72
2502,观太,12
2503,数次,36
2504,46,36
2505,到言叶,10
2506,倾覆,36
2507,恢复正常,12
2508,歪日,24
2509,只能靠,12
2510,一支,24
2511,道具,48
2512,合格,12
2513,魔咒,36
2514,突破性,36
2515,多方面,24
2516,仙台,12
2517,没法,72
2518,小于,12
2519,整个,480
2520,导致,156
2521,这个,1476
2522,爱国,12
2523,山手线,72
2524,毫无价值,12
2525,梨花带雨,12
2526,遥远,24
2527,援交,24
2528,get,48
2529,雨中,12
2530,收获,24
2531,虚拟,36
2532,圣洁,12
2533,孤勇,36
2534,诚是,30
2535,各种,336
2536,十几年,48
2537,暂且,12
2538,RADWIMPS,84
2539,拆迁,36
2540,存在,240
2541,稍微,60
2542,離家,24
2543,刺痛,12
2544,模板,36
2545,感人,168
2546,引人入胜,12
2547,空调,36
2548,满嘴,12
2549,源自,12
2550,怎么,408
2551,闯荡,12
2552,连日,12
2553,15,24
2554,社会公众,12
2555,毫不,12
2556,放弃,156
2557,颇为,12
2558,代入,192
2559,使得,36
2560,花泽绫音,24
2561,曲高和寡,12
2562,主題,12
2563,畢業,72
2564,差强人意,24
2565,不正,84
2566,体验,60
2567,毕业,12
2568,记入,36
2569,雪景,36
2570,拖拉,12
2571,整片,36
2572,一帮人,36
2573,放棄,24
2574,真心,12
2575,隐喻,12
2576,配在一起,12
2577,唾弃,36
2578,构成,84
2579,看得人,36
2580,疑虑,72
2581,松散,12
2582,空灵,36
2583,峰值,12
2584,多久,12
2585,好多年,12
2586,不管怎么,36
2587,杂糅,12
2588,世界观,228
2589,看画,12
2590,马尾,36
2591,人潮,36
2592,访谈,36
2593,浪漫,324
2594,纪录片,36
2595,彼得堡,24
2596,之庭里,30
2597,用户,12
2598,滋味,24
2599,一束,12
2600,国语版,48
2601,通透,36
2602,罗曼蒂克,36
2603,惧怕,24
2604,云雨,12
2605,即使,264
2606,一动,12
2607,用力,12
2608,无论如何,72
2609,过量,12
2610,团队,36
2611,反派,60
2612,美妙,12
2613,海边,36
2614,崭新,12
2615,把握,108
2616,迎击,36
2617,出戏,12
2618,极富,12
2619,奥义,36
2620,歌曲,204
2621,特征,36
2622,片尾曲,12
2623,这出,36
2624,体会,84
2625,末尾,48
2626,舍弃,48
2627,陪葬,12
2628,寻爱,12
2629,唤醒,72
2630,花泽綾音,36
2631,分不清,60
2632,气象学,12
2633,挖掘,48
2634,男男女女,12
2635,字幕,36
2636,流泪,12
2637,观念,12
2638,了解,48
2639,不断进步,12
2640,辨识,12
2641,丁达尔,12
2642,两极分化,72
2643,承受,36
2644,需要,480
2645,本源,12
2646,不行,144
2647,今敏,36
2648,上学时,12
2649,主对,12
2650,雲端,12
2651,至少,108
2652,放不下,36
2653,进发,12
2654,弃用,12
2655,100,168
2656,过程,60
2657,直白,36
2658,迟早,12
2659,星之聲,36
2660,呼唤,60
2661,伦理观,12
2662,出镜,24
2663,否则,36
2664,被拉去,24
2665,短暂,36
2666,利己主义,24
2667,老实,36
2668,牵强,48
2669,国民,12
2670,嘲笑,72
2671,纯真,84
2672,沧海桑田,12
2673,世界秩序,36
2674,奇佳,36
2675,化为,12
2676,苦苦,36
2677,轻易,48
2678,死宅,36
2679,产品,12
2680,躁动,36
2681,里边,36
2682,一万个,12
2683,茄子,36
2684,宇宙,156
2685,预测,72
2686,讲完,12
2687,以为,168
2688,基本,84
2689,井俊二,48
2690,浮草,36
2691,一丝,84
2692,互文,12
2693,两分,36
2694,所有人,48
2695,如此,408
2696,有时候,36
2697,败给,24
2698,阴暗,12
2699,依托,36
2700,现世,12
2701,有所,36
2702,生存,36
2703,多数,36
2704,鲍德里亚,36
2705,棒打鸳鸯,12
2706,今生今世,24
2707,OO,60
2708,透明,204
2709,看言叶,10
2710,这种,972
2711,心意,12
2712,静安寺,12
2713,一堵,24
2714,淹掉,36
2715,是非,12
2716,给予,36
2717,老人,24
2718,原点,48
2719,企划案,36
2720,一生,36
2721,融汇,36
2722,丰满,12
2723,一出,72
2724,两个,312
2725,道理,36
2726,素直,36
2727,十字架,12
2728,罗纮武,24
2729,蠢萌,36
2730,略带,24
2731,着迷,36
2732,不羁,12
2733,斯汀,12
2734,匆忙,36
2735,音樂,36
2736,一隅,12
2737,违和感,12
2738,中影,12
2739,破楼,24
2740,梦幻,24
2741,楼顶,36
2742,参与,12
2743,德行,24
2744,追求,156
2745,所有,276
2746,公序良,12
2747,可贵,12
2748,难怪,12
2749,自然而然,36
2750,三观,216
2751,海尔,36
2752,拥抱,24
2753,认可,24
2754,电影吧,36
2755,一辈子,36
2756,Cinema,12
2757,脑残,60
2758,情节,180
2759,道德,72
2760,climate,36
2761,深埋,12
2762,不太够,12
2763,优缺点,12
2764,勾勒,12
2765,牛批,36
2766,做出,156
2767,女装,120
2768,诚传,10
2769,回忆起,12
2770,差得远,12
2771,上學,12
2772,保護,12
2773,那束,12
2774,完成度,84
2775,续集,12
2776,各自,12
2777,照片,12
2778,佐证,36
2779,帆高绕,12
2780,切得,60
2781,多么,36
2782,一草一木,24
2783,是否,96
2784,赞成,24
2785,怀揣,24
2786,成绩,12
2787,哪管,144
2788,抬枪,24
2789,重压,12
2790,值得一看,36
2791,此处,12
2792,少有,24
2793,流浪,12
2794,找到,72
2795,悲痛,12
2796,变弱,12
2797,之实,12
2798,姿势,12
2799,半切,12
2800,光美,36
2801,没长,24
2802,层次感,36
2803,以新带,12
2804,牵手,12
2805,辜负,36
2806,不让,36
2807,就让,204
2808,诚才,30
2809,好多,48
2810,不起,36
2811,不在乎,36
2812,脑瘫,12
2813,卡夫卡,36
2814,弱项,36
2815,管束,12
2816,冷水,36
2817,起来,288
2818,如期而至,12
2819,老三样,36
2820,巧合,12
2821,空中,24
2822,阴翳,12
2823,兴亡,24
2824,降水,24
2825,弥漫着,24
2826,千百年,12
2827,此起彼伏,24
2828,厚重,12
2829,哈哈哈,108
2830,两位,12
2831,太棒了,36
2832,抱歉,12
2833,他者,12
2834,烙印,12
2835,诚让,80
2836,全民,72
2837,作对,24
2838,悲惨,24
2839,自己,1200
2840,吸引力,12
2841,敏感,12
2842,太二,12
2843,雇个,36
2844,重要性,24
2845,Joker,36
2846,常常,12
2847,還是,60
2848,普通,72
2849,羁绊,48
2850,周围,48
2851,老土,36
2852,奥美,12
2853,未成年,108
2854,满怀,12
2855,变幻,36
2856,不要,516
2857,看柯,12
2858,几种,24
2859,边缘,84
2860,敬意,36
2861,具体,36
2862,蜕变,12
2863,言情片,12
2864,同质化,24
2865,自洽,12
2866,乏力,36
2867,好看,384
2868,确信,36
2869,内心深处,48
2870,景物,12
2871,总是,312
2872,精灵,48
2873,献出,36
2874,阳光,96
2875,第一次,180
2876,列车,24
2877,到此为止,36
2878,热血,60
2879,假如,12
2880,献过,12
2881,始终,180
2882,追著,36
2883,味道,108
2884,信仰,36
2885,如歌,12
2886,爱好者,48
2887,一度,12
2888,大叔,168
2889,级别,36
2890,参考,36
2891,要选,12
2892,人嘛,36
2893,天神,12
2894,动画片,144
2895,全球,48
2896,最深,36
2897,螳臂当车,48
2898,有用,12
2899,七分,48
2900,气质,12
2901,這次,24
2902,不僅僅,36
2903,不好意思,24
2904,瑕疵,84
2905,中立,36
2906,恐怕,36
2907,不难理解,12
2908,两性关系,12
2909,诚和洋,30
2910,一问,12
2911,碰巧,12
2912,避开,36
2913,巫力,36
2914,4k,24
2915,一无所有,12
2916,瑰丽,60
2917,共性,12
2918,局面,36
2919,一根,12
2920,90,36
2921,王大根,36
2922,第一幕,12
2923,要死要活,36
2924,高到,24
2925,网上,12
2926,洗脑,36
2927,后半段,204
2928,无头无尾,36
2929,探知,48
2930,东京,1944
2931,过于,264
2932,晴天,480
2933,太多太多,36
2934,立即,36
2935,保护,84
2936,神话传说,24
2937,麦当劳,48
2938,俘获,12
2939,华丽,60
2940,票价,12
2941,罕见,60
2942,并且,84
2943,过度,60
2944,祭祷,48
2945,昏天黑地,36
2946,相信,144
2947,热衷,36
2948,油腻感,12
2949,地位,60
2950,nonsense,36
2951,以及,624
2952,2333,12
2953,水到,48
2954,破坏力,12
2955,讨巧,12
2956,类型,96
2957,树叶,12
2958,之爱,48
2959,13g,12
2960,时代广场,12
2961,奢华,12
2962,大量,60
2963,唯心主义,36
2964,精细,24
2965,海洋,60
2966,互助,12
2967,观者,36
2968,只好,12
2969,爆棚,12
2970,热烈,12
2971,期待,456
2972,多得多,12
2973,互相,36
2974,Rye,36
2975,颠倒,228
2976,劲头,12
2977,news,12
2978,疑问,48
2979,动人,108
2980,继承,36
2981,十三,36
2982,刚看,36
2983,观众,408
2984,技术,24
2985,深度,36
2986,难点,12
2987,带有,12
2988,它们,72
2989,观点,24
2990,那样,96
2991,精良,36
2992,责任感,48
2993,泪点,24
2994,下雨天,12
2995,童話,36
2996,上野,36
2997,終日,36
2998,想到,264
2999,安身,36
3000,柏拉图,24
3001,逐星,12
3002,百美汇,12
3003,首饰店,12
3004,路边,24
3005,自由,12
3006,构造,12
3007,甜头,72
3008,少年的你,60
3009,细腻,108
3010,歌挺,12
3011,這麼,36
3012,这么,396
3013,思时,12
3014,兄弟,24
3015,到哪去,12
3016,人当,12
3017,见证,36
3018,确实,336
3019,值得注意,12
3020,握手,48
3021,美丽,12
3022,末世,12
3023,动画版,12
3024,结界,24
3025,背后,96
3026,精美,168
3027,回家,12
3028,一向,36
3029,很强,108
3030,炫技,12
3031,诚要,30
3032,极度,36
3033,任何人,84
3034,白娘子,48
3035,由紀夫,12
3036,处在,12
3037,标准,60
3038,双重标准,12
3039,三界,12
3040,长厢,12
3041,很赞,12
3042,之王,48
3043,春光,36
3044,巅峰,60
3045,阳菜,624
3046,前庵,36
3047,被淹,24
3048,心里,48
3049,身边,108
3050,灾难性,36
3051,幸福感,12
3052,祭天,36
3053,追星,12
3054,晴雨表,12
3055,絕對,24
3056,從主題,24
3057,暴露无遗,36
3058,玄幻间,12
3059,我太爱,12
3060,地道,48
3061,口里,12
3062,坠落,132
3063,主宰,36
3064,山路,36
3065,飞鱼,12
3066,香菜,108
3067,大放送,24
3068,哈哈,12
3069,家乡,12
3070,偏执,132
3071,IMAX,72
3072,落语,36
3073,日出,12
3074,不快,36
3075,街头,60
3076,回家吧,12
3077,除此之外,24
3078,anyway,36
3079,生死,24
3080,分心,36
3081,底层,12
3082,疲劳,12
3083,那时,12
3084,真人,96
3085,前作,158
3086,美好,384
3087,思考,48
3088,专业,12
3089,放在,96
3090,紧紧,36
3091,恰是,36
3092,交换,84
3093,合作,24
3094,滥用,12
3095,魔幻现实主义,12
3096,捞钱,24
3097,心灵,36
3098,学着,12
3099,日常生活,12
3100,看不惯,36
3101,美到,36
3102,埋怨,12
3103,指男主偷,12
3104,死神,36
3105,好不好,36
3106,侧耳,12
3107,情感,648
3108,以待,36
3109,一回,48
3110,刺耳,36
3111,鉴赏能力,12
3112,光明正大,48
3113,才能,180
3114,炎炎夏日,36
3115,加油,12
3116,那句,36
3117,失常,60
3118,无与伦比,24
3119,病毒,48
3120,泡面,48
3121,仅仅,84
3122,超人,36
3123,毫无,348
3124,重视,36
3125,7.5,60
3126,过山车,12
3127,本來,72
3128,买单,12
3129,一致,48
3130,知名,12
3131,有种,48
3132,功夫,36
3133,新鲜感,12
3134,狂想曲,36
3135,工作人员,12
3136,守候,36
3137,照顾,48
3138,凌音,36
3139,至高无上,24
3140,呈现,60
3141,填坑,12
3142,根本,156
3143,银幕,72
3144,新低,36
3145,一首,24
3146,17,84
3147,东拉西扯,48
3148,换回,36
3149,有些,360
3150,这辈子,12
3151,疲惫,36
3152,传奇,12
3153,敷衍,48
3154,英雄主义,12
3155,能量,12
3156,打折扣,36
3157,一场,84
3158,警察,480
3159,瞄大,12
3160,幼稚,252
3161,就行,48
3162,好吃,12
3163,圆满,84
3164,以后,96
3165,缺失,36
3166,這種,36
3167,向上,12
3168,汉堡,12
3169,应验,12
3170,段落,156
3171,父母,36
3172,闹闹,36
3173,发言,24
3174,中间,156
3175,電影,108
3176,不长进,12
3177,自觉,60
3178,共同,72
3179,感觉,744
3180,感地,24
3181,影片,180
3182,几十亿,24
3183,几作,36
3184,任性,132
3185,破环,36
3186,起码,24
3187,正如,36
3188,到来,12
3189,考研,12
3190,控制,72
3191,emmmm,24
3192,如今,72
3193,在乎,24
3194,体系,12
3195,营销,36
3196,温和,48
3197,连续,48
3198,运转,48
3199,也好,72
3200,情种,12
3201,友邻,36
3202,40,12
3203,评判,48
3204,小女生,36
3205,难免,12
3206,银座,36
3207,眼花缭乱,36
3208,息息相关,36
3209,觀眾,36
3210,增强,12
3211,为名,24
3212,琥珀,12
3213,细节,300
3214,每秒,12
3215,系嘛,36
3216,想法,12
3217,活动,12
3218,提及,12
3219,想当年,12
3220,谈恋爱,144
3221,可是,180
3222,濡湿,12
3223,私人化,36
3224,日本式,12
3225,苍白无力,60
3226,尊重,24
3227,遵循,12
3228,一脉相承,12
3229,青年,48
3230,注脚,12
3231,令誠哥,24
3232,没劲,36
3233,土地,36
3234,善良,60
3235,東京,36
3236,穿插,36
3237,乐队,12
3238,察邦,12
3239,时代性,36
3240,之下,108
3241,创作者,84
3242,男主想,12
3243,不断,96
3244,走进,24
3245,渺小,84
3246,长沙,12
3247,近两年,12
3248,展现,108
3249,雷雨交加,12
3250,专攻,24
3251,时间段,36
3252,开始,480
3253,厉害,84
3254,结构,84
3255,蔚蓝,12
3256,换言之,36
3257,喜欢,1356
3258,首发,12
3259,蚊烟,36
3260,在场,12
3261,二版,36
3262,风之谷,24
3263,狼狈,12
3264,壮丽,12
3265,不该,48
3266,切割成,48
3267,不顾,36
3268,東京人,24
3269,人际关系,12
3270,NS,12
3271,so,12
3272,扑面而来,36
3273,之友,36
3274,偏小,12
3275,几乎,156
3276,复用,12
3277,正常,132
3278,酒店,48
3279,场景,144
3280,表面,24
3281,心境,60
3282,雨景,108
3283,融入,48
3284,咖啡厅,36
3285,一瞬,36
3286,出轨,12
3287,怀疑,72
3288,相比,132
3289,吹捧,12
3290,问号,72
3291,剩下,12
3292,着魔,12
3293,二十多年,36
3294,不想,144
3295,监督,144
3296,变暖,36
3297,会循,12
3298,眩晕,36
3299,路线,12
3300,学汤,12
3301,为之一振,12
3302,短短,60
3303,日常,144
3304,假想,36
3305,俗套,12
3306,退场,36
3307,允许,36
3308,付出,180
3309,过多,36
3310,苟延残喘,36
3311,身处,12
3312,虚假,60
3313,瞎编,12
3314,充其量,12
3315,做作,96
3316,那年,48
3317,平淡,96
3318,向太空,24
3319,首都,36
3320,一大堆,12
3321,东宝,84
3322,女主女,12
3323,难以置信,36
3324,婆婆,12
3325,2.5,144
3326,就算,276
3327,说来,36
3328,不至于,36
3329,继续,144
3330,别人,156
3331,撩拨,12
3332,明显,108
3333,无助,12
3334,意外,72
3335,咆哮,24
3336,答案,84
3337,无表情,48
3338,首先,120
3339,爱人,84
3340,治愈,24
3341,交通工具,12
3342,领会,24
3343,即便,48
3344,深挖,24
3345,地标,12
3346,情况,12
3347,那場,24
3348,感触,48
3349,小雨,72
3350,小朋友,48
3351,题材,120
3352,顺便,84
3353,诚则,20
3354,三年,384
3355,结婚,60
3356,苍白,48
3357,不同于,12
3358,做好,12
3359,看见,108
3360,放映,36
3361,为民,12
3362,那麼,12
3363,www,12
3364,大转弯,36
3365,从头到尾,84
3366,乱来,36
3367,利益,48
3368,雨下,36
3369,吐槽,72
3370,顶天立地,48
3371,抓住,60
3372,借着,24
3373,注入,12
3374,田犬彦语,48
3375,爱能,24
3376,丧妻,12
3377,比起,264
3378,拍拍,36
3379,速写,12
3380,留学生,12
3381,非常,396
3382,充分,12
3383,心绪,36
3384,導演,12
3385,特摄剧,12
3386,漫画,24
3387,嗤之以鼻,36
3388,没敢,12
3389,巫女,144
3390,重尝,24
3391,应有,12
3392,谈话,36
3393,心电图,12
3394,再也不会,12
3395,政治,132
3396,取得,36
3397,地站,36
3398,WTF,36
3399,相认,36
3400,戏桐,12
3401,帶來,24
3402,流水线,12
3403,宏大,72
3404,潜台词,12
3405,一位,36
3406,冲冠,12
3407,须佐,12
3408,游魂,12
3409,一如既往,264
3410,say,36
3411,名字,227
3412,特点,72
3413,蓄积,36
3414,不止,48
3415,动物,12
3416,疫情,36
3417,马景涛,24
3418,社会,264
3419,恋爱观,60
3420,真性情,12
3421,高级,12
3422,开口,72
3423,灭世,36
3424,前提,36
3425,精神,120
3426,笑盈盈,36
3427,这层,36
3428,匪夷所思,12
3429,人性,36
3430,诚从,10
3431,超自然,12
3432,辉夜,24
3433,力感,12
3434,必要,120
3435,飘着,36
3436,无声,12
3437,不争,12
3438,抒情,12
3439,彻底,84
3440,要素,12
3441,至极,12
3442,动态,24
3443,在我心中,12
3444,6.5,12
3445,主义,36
3446,感情,348
3447,耶稣,12
3448,平民,12
3449,愈发,12
3450,梅雨,72
3451,念出,36
3452,共鸣,84
3453,知道,588
3454,颜值,36
3455,末日,12
3456,再有,72
3457,广告,204
3458,佐仓,12
3459,抛却,36
3460,targeted,12
3461,响起,24
3462,床上,12
3463,狗血,96
3464,白素贞,24
3465,动不动,120
3466,意识,132
3467,便利,36
3468,不仅,84
3469,翼配,12
3470,小爱,48
3471,久保,12
3472,toho,36
3473,女儿,24
3474,美则,48
3475,丝毫,72
3476,技艺,12
3477,博弈,36
3478,紧密联系,36
3479,内部,12
3480,那段,156
3481,鸡油菌,24
3482,等等,24
3483,逃跑,12
3484,知识,12
3485,九亭,12
3486,情景,24
3487,互动,12
3488,举止,12
3489,迅速,12
3490,一锅,12
3491,过去,36
3492,民党,36
3493,超越,96
3494,停止,48
3495,连绵不绝,12
3496,娓娓道来,24
3497,固定,24
3498,正值,12
3499,毛头小子,36
3500,忽略,108
3501,青春,444
3502,一点点,108
3503,打点,36
3504,不落俗套,36
3505,近似,36
3506,最差,24
3507,少数,36
3508,车窗,12
3509,一串,24
3510,二字,12
3511,隐含,12
3512,落泪,36
3513,发来,12
3514,破涕为笑,36
3515,坏掉,12
3516,公交车,36
3517,一切都在,36
3518,时一,48
3519,情深义重,24
3520,深邃,24
3521,当帆,36
3522,关系,72
3523,片段,156
3524,行為,24
3525,引爆,12
3526,谱系,36
3527,感受,132
3528,陪衬,12
3529,遗憾,72
3530,努力,228
3531,对话,72
3532,根本就是,24
3533,玉峰,36
3534,胜者,36
3535,赛博之秋,12
3536,神作,72
3537,凸显,36
3538,三个,108
3539,保住,36
3540,影像,24
3541,失落,12
3542,合情合理,36
3543,不提,24
3544,基于,12
3545,神话故事,12
3546,巨大成功,36
3547,焦灼,12
3548,中看,12
3549,关于,60
3550,来日方长,36
3551,浸淫,36
3552,自信,72
3553,盲症,12
3554,诚用,30
3555,活着,60
3556,抓不住,12
3557,多人,72
3558,好些,12
3559,公司,12
3560,一件,36
3561,迫在眉睫,12
3562,太难,12
3563,越来越快,12
3564,不愧,72
3565,想重,12
3566,双亲,24
3567,真是,576
3568,文章,12
3569,早就,60
3570,对照,48
3571,太高,48
3572,欠缺,48
3573,前半部,12
3574,高帆,36
3575,瞬间,48
3576,一掠,12
3577,两种,36
3578,上供,24
3579,突兀,84
3580,女神,24
3581,无疑,24
3582,理所当然,36
3583,邏輯,36
3584,脑子,24
3585,经过,60
3586,决绝,84
3587,大爱,48
3588,同意,12
3589,举起,12
3590,之物,12
3591,先决条件,36
3592,黑人,36
3593,程度,12
3594,明年,24
3595,改革,36
3596,阳光明媚,12
3597,坚强,36
3598,不敢,24
3599,一干二净,36
3600,大意,12
3601,拖沓,12
3602,体制,36
3603,接二连三,36
3604,可悲,96
3605,不管怎样,12
3606,光芒,12
3607,连结,108
3608,太快,12
3609,瞎扯,12
3610,献祭,144
3611,真真切切,12
3612,交上,36
3613,推荐,36
3614,虚幻,12
3615,花钱,36
3616,琼瑶,84
3617,男孩,276
3618,智慧,36
3619,帆高,408
3620,纯情,72
3621,天灾,48
3622,代價,12
3623,缺乏,84
3624,简单,132
3625,腼腆,12
3626,诀窍,36
3627,离别,36
3628,捧场,12
3629,涌动,60
3630,走神,48
3631,荒谬,72
3632,横山,24
3633,坚定,84
3634,不思議,12
3635,一级,12
3636,几天,12
3637,快乐,12
3638,香盘,36
3639,痛点,36
3640,本性,12
3641,拉直,12
3642,诟病,24
3643,虽然,312
3644,看来,24
3645,满意,24
3646,柿子,36
3647,积雨云,60
3648,蒙混,36
3649,药丸,24
3650,白眼,72
3651,挺美,12
3652,融合,36
3653,谨慎,24
3654,不用,36
3655,ACG,36
3656,三葉,12
3657,fuck,12
3658,追回,12
3659,經常,12
3660,靠着,24
3661,对流雨,24
3662,太阳,120
3663,矛盾,108
3664,震撼,60
3665,能卖,36
3666,多到,12
3667,成熟,72
3668,人民,36
3669,相爱,96
3670,完整,84
3671,奥斯卡,72
3672,海哥,36
3673,........,12
3674,身上,72
3675,国内,24
3676,略显,12
3677,想象力,96
3678,觉醒,12
3679,上报,36
3680,连猫,36
3681,两手空空,36
3682,而已,132
3683,三島,12
3684,大路口,12
3685,无间道,12
3686,視角,72
3687,很难,48
3688,怀抱,216
3689,找出,36
3690,一只,12
3691,绑定,24
3692,挽回,12
3693,遇不上,12
3694,东西,348
3695,为此,12
3696,个人感觉,12
3697,赴汤蹈火,36
3698,觉得,1092
3699,由于,72
3700,音乐剧,36
3701,一肚子火,36
3702,一曲,12
3703,中介,36
3704,新装,12
3705,价值观,132
3706,大气现象,24
3707,中老年,12
3708,囫囵,36
3709,指着,12
3710,又臭又长,12
3711,倾城,144
3712,相辅相成,12
3713,然後他,12
3714,這部,36
3715,面更广,12
3716,正义,84
3717,台词,228
3718,天地间,36
3719,超乎,36
3720,不及,96
3721,先行,24
3722,阴郁,12
3723,浪漫爱情,12
3724,生怕,12
3725,美原,12
3726,差距,24
3727,老塔,12
3728,宫本,84
3729,拿不出,36
3730,救回来,12
3731,某个,36
3732,稀缺,12
3733,打开,12
3734,片海,36
3735,登场,48
3736,逼迫,72
3737,四季,36
3738,守望者,108
3739,插入,168
3740,换取,12
3741,手枪,60
3742,求稳,12
3743,兰盆,60
3744,平稳,24
3745,洪水,216
3746,坐实,36
3747,飞跃,12
3748,三叶,324
3749,避免,36
3750,片中,96
3751,一幅,12
3752,bad,24
3753,庇护,12
3754,or,12
3755,高多,24
3756,要是,60
3757,这根,12
3758,课题,12
3759,意想不到,12
3760,调侃,36
3761,sb,24
3762,中才,24
3763,一飞,12
3764,女朋友,36
3765,人生,180
3766,敌视,12
3767,透子,12
3768,变化,108
3769,恐怖,12
3770,外表,12
3771,以致于,48
3772,必然结果,12
3773,担心,12
3774,令人,216
3775,适合,156
3776,滤镜,24
3777,的话,120
3778,缺少,48
3779,个人,432
3780,xps,12
3781,30,12
3782,爆发,24
3783,三浦,12
3784,美术,96
3785,纪念,12
3786,出演,36
3787,诚说,30
3788,比君名,192
3789,集体主义,48
3790,对象,36
3791,作差,36
3792,哪里,144
3793,中年,36
3794,憧憬,36
3795,倘若,12
3796,着力,36
3797,隐约,12
3798,半小时,36
3799,现实,672
3800,逃不出,48
3801,5.5,36
3802,不抱,36
3803,剧情,1728
3804,层层,12
3805,脸红,12
3806,永不,12
3807,暴露,12
3808,旁白,36
3809,审查,12
3810,大城市,12
3811,评分,60
3812,一张,36
3813,尽情,48
3814,影响,48
3815,超级,96
3816,清新,132
3817,反感,24
3818,撒下来,12
3819,用脚,12
3820,美美,12
3821,我虎躯,36
3822,本片,324
3823,CG,12
3824,打分,12
3825,过犹不及,12
3826,尝试,168
3827,東西,36
3828,不太,24
3829,貌美,24
3830,真想,36
3831,包裹,12
3832,不怎么,12
3833,指数,72
3834,满足,12
3835,HUMAX,12
3836,冷眼,12
3837,略逊,12
3838,谓之,12
3839,前面,96
3840,勇敢,168
3841,AAAAA,36
3842,开心,60
3843,黑社会,12
3844,秒速五厘米,10
3845,一并,24
3846,没话说,12
3847,看战,24
3848,戲而塞進,24
3849,莫非,12
3850,却说,12
3851,基调,12
3852,合理,72
3853,优异,12
3854,内核,180
3855,依靠,12
3856,出現,24
3857,眼泪,120
3858,本事,36
3859,延续,48
3860,甚至,684
3861,渴求,12
3862,总结,24
3863,飘雪,12
3864,突出,12
3865,欲望,48
3866,分钟,24
3867,坐在,108
3868,留住,36
3869,喘息,12
3870,不不計代價,12
3871,警惕,60
3872,获救,12
3873,不合逻辑,12
3874,异常,60
3875,稍长,24
3876,几番,12
3877,长大,72
3878,沐浴,48
3879,2018.12,12
3880,达成,12
3881,剧中,36
3882,日语,12
3883,屁股,12
3884,初中生,36
3885,极化,36
3886,带点,24
3887,淋漓尽致,36
3888,创造性,12
3889,毛病,36
3890,情境,12
3891,酝酿,36
3892,低配,24
3893,突然,120
3894,希望,372
3895,垃圾桶,36
3896,改成,48
3897,呈現,12
3898,感覺,48
3899,一砖一瓦,24
3900,剥夺,12
3901,雨神,36
3902,一百,12
3903,当下,36
3904,那道,12
3905,偷生,12
3906,叙述,36
3907,人家,12
3908,出不来,12
3909,终身,12
3910,疑惑,12
3911,电脑,12
3912,一絲,36
3913,到位,12
3914,平板,36
3915,观后,48
3916,乖乖,36
3917,轻灵,12
3918,加重,24
3919,反过来,12
3920,每集,12
3921,新闻,12
3922,往往,12
3923,人有,24
3924,投向,12
3925,朋友圈,12
3926,女生,36
3927,写个,36
3928,以至于,72
3929,看不来,36
3930,好奇,24
3931,视听,12
3932,男工,12
3933,眼裡,12
3934,预料到,36
3935,笑醒,12
3936,夜以继日,36
3937,珍珠港,12
3938,难看,132
3939,某种程度,24
3940,通俗,36
3941,寺庙,12
3942,大鱼,204
3943,连接,84
3944,卡司,36
3945,旅游,72
3946,看不懂,48
3947,打算,24
3948,上阳菜,24
3949,小赖,12
3950,厮守,12
3951,无人知晓,48
3952,鼻子,36
3953,qq,12
3954,动画师,12
3955,新世界,12
3956,爱意,72
3957,具有,96
3958,挫折,48
3959,笃信,12
3960,怯懦,36
3961,据说,12
3962,转晴,12
3963,美梦,36
3964,都市,228
3965,绝美,96
3966,离家,12
3967,骂人,36
3968,夏天,60
3969,乱叫,36
3970,摆脱,24
3971,两星,96
3972,东亚,60
3973,斜目,12
3974,痛苦,48
3975,本田,36
3976,不合情理,12
3977,前去,12
3978,做成,12
3979,新海,4272
3980,开创,12
3981,low,12
3982,青空,96
3983,大雨,288
3984,宫崎骏,240
3985,最近,96
3986,准备,24
3987,悬在空中,36
3988,爱上,24
3989,想着,72
3990,说到底,48
3991,汪洋大海,36
3992,学业,12
3993,ending,24
3994,几段,84
3995,逻辑,600
3996,更深,36
3997,飘落,12
3998,各種,36
3999,马拉松,36
4000,依偎,36
4001,地形,24
4002,反复,36
4003,烘托,36
4004,同学,36
4005,交流,144
4006,无限,36
4007,拉长,48
4008,大喊,60
4009,預期,24
4010,张嘴,24
4011,诠释,60
4012,陨石,12
4013,了當,12
4014,称之为,12
4015,以往,48
4016,纠缠不清,12
4017,大厦,12
4018,阴晴,84
4019,一代人,24
4020,拯救,684
4021,男女老少,12
4022,主题,144
4023,中学生,12
4024,每分,12
4025,看够,60
4026,斯科特,12
4027,bug,12
4028,得知,36
4029,更好,132
4030,孩子,240
4031,去年,36
4032,年老,36
4033,千与千寻,84
4034,母题,36
4035,格格不入,24
4036,拼了命,12
4037,模式,24
4038,铁路,48
4039,积累,12
4040,面对,84
4041,零零星星,36
4042,相似,60
4043,实际,12
4044,抱抱,36
4045,文学性,72
4046,JK,36
4047,御苑,36
4048,几样,24
4049,你们,264
4050,盘剥,12
4051,一番,12
4052,从来,12
4053,见鬼,12
4054,秘密,12
4055,形容,36
4056,力度,12
4057,积水,12
4058,超帅,36
4059,值得称赞,12
4060,友情,24
4061,要求,84
4062,不缺,12
4063,没太看,12
4064,永志不忘,36
4065,口罩,12
4066,稀烂,12
4067,蔑视,12
4068,沿着,72
4069,狂乱,60
4070,相当,108
4071,目瞪口呆,36
4072,前辈,84
4073,尽管,24
4074,谢谢,12
4075,心底,12
4076,吸引,72
4077,巨大,84
4078,期望,36
4079,水体,12
4080,意象,72
4081,难不成,36
4082,国立,12
4083,第二颗,36
4084,化作,12
4085,民智,12
4086,hmmmm,12
4087,男子汉,48
4088,败下阵来,12
4089,赚钱,12
4090,预告片,12
4091,无数,12
4092,壯遊,12
4093,窒息,24
4094,历经,12
4095,反面,12
4096,不可思议,36
4097,下摇,24
4098,安危,12
4099,经历,12
4100,关怀,12
4101,备受,12
4102,相思,12
4103,隔绝,12
4104,麦田,120
4105,搭配,36
4106,进入,12
4107,看到,744
4108,东京都,48
4109,运动,24
4110,关照,36
4111,创作,204
4112,配不上,24
4113,主中,12
4114,屏摄,24
4115,友谊,12
4116,感動性,12
4117,头次,24
4118,更能,36
4119,带给,48
4120,环境,132
4121,前半段,48
4122,试图,36
4123,心血,36
4124,硬傷,24
4125,nicebody,36
4126,足够,120
4127,包围,24
4128,田中,12
4129,愿意,60
4130,贝拉,12
4131,略高于,12
4132,未改,36
4133,编排,12
4134,愿望,12
4135,中国,72
4136,官网,12
4137,凝练,36
4138,另外,156
4139,鞠躬尽瘁,36
4140,两分钟,36
4141,VS,12
4142,坐等,12
4143,只不过,180
4144,大型,84
4145,许多,72
4146,算是,48
4147,姐弟恋,12
4148,老爷子,12
4149,细致,48
4150,快成,12
4151,crisis,36
4152,如秒,12
4153,公平,36
4154,整個,12
4155,摇晃,48
4156,1587098,12
4157,快点,12
4158,十几岁,48
4159,反让,12
4160,新药,12
4161,起來,36
4162,统一,12
4163,关联,12
4164,不算,60
4165,得以,84
4166,震惊,48
4167,玄学,24
4168,出场,24
4169,一言难尽,72
4170,之心,24
4171,地会,12
4172,瑟瑟,12
4173,但阳菜,12
4174,天知道,12
4175,沉浸,24
4176,追不上,12
4177,几滴,12
4178,此后,12
4179,触动,108
4180,一份,84
4181,亲切,24
4182,2020.08,12
4183,十岁,12
4184,毒奶,12
4185,梦境,72
4186,效应,12
4187,缓缓,24
4188,沦为,96
4189,硬伤,96
4190,显得,120
4191,对比,36
4192,奢求,12
4193,第一场,12
4194,可爱,120
4195,雷声大雨,12
4196,一旦,12
4197,当年,72
4198,人人,12
4199,植入,60
4200,中规中矩,12
4201,削弱,60
4202,雨晴,24
4203,疯狂,168
4204,讨厌,36
4205,雨女,132
4206,变奏,36
4207,变老,36
4208,不通,36
4209,大不如前,12
4210,现代人,12
4211,过快,12
4212,长江,12
4213,不必,108
4214,北美版,12
4215,特色,24
4216,直击,24
4217,相同,24
4218,团体,12
4219,到达,36
4220,荷尔蒙,36
4221,义无反顾,36
4222,台下,12
4223,40%,12
4224,完全,516
4225,向着,12
4226,之女,60
4227,懂个,12
4228,效果,36
4229,介意,12
4230,系时,12
4231,先入为主,36
4232,我国,36
4233,大神,12
4234,毁灭,336
4235,红色,72
4236,两首歌,12
4237,平凡,24
4238,灵性,12
4239,mv,96
4240,圣人,12
4241,大多,12
4242,配角,84
4243,我家,84
4244,爱慕,24
4245,本社,12
4246,剧作,24
4247,神异,12
4248,自带,12
4249,红线,12
4250,自我牺牲,12
4251,雷到,12
4252,倒挂,36
4253,无可厚非,12
4254,淹得,36
4255,但愿,60
4256,一点,396
4257,联手,36
4258,走心,24
4259,之恋,108
4260,感冒,24
4261,带泪,36
4262,更是,96
4263,夏末,12
4264,阳菜家,36
4265,同病相怜,12
4266,压根,36
4267,一脚,24
4268,伦理,48
4269,题目,12
4270,闪电,36
4271,气象,12
4272,无情,48
4273,温暖,60
4274,幻灭,12
4275,二十分钟,12
4276,丧心病狂,12
4277,收雨,24
4278,夕阳,24
4279,缺陷,84
4280,好笑,36
4281,成立,36
4282,充斥,12
4283,视感,12
4284,赏心悦目,12
4285,所学,12
4286,起身,36
4287,安排,60
4288,还要,24
4289,无情地,12
4290,杂志,12
4291,勇气,168
4292,最終,36
4293,动机,96
4294,以前,216
4295,但会用,12
4296,下去,108
4297,换个,24
4298,老天爷,24
4299,文本处理,12
4300,未及,36
4301,为了,996
4302,一臉,24
4303,爱哭鬼,12
4304,许愿,36
4305,逃耻,12
4306,此外,36
4307,廉价,48
4308,沉淀,48
4309,诚版,50
4310,伪善,24
4311,评论,120
4312,2020.04,12
4313,充当,12
4314,大雨滂沱,12
4315,一不小心,24
4316,戛止,36
4317,放肆,36
4318,boring,12
4319,建筑,12
4320,单身,132
4321,喜爱,48
4322,不会,324
4323,哭泣,12
4324,变得,48
4325,拍点,12
4326,诙谐,36
4327,一会儿,24
4328,烟消云散,12
4329,告别,12
4330,明确提出,12
4331,爆笑,24
4332,輕人,48
4333,亲历,12
4334,似乎,276
4335,眺望,36
4336,造成,120
4337,达到,72
4338,骑车,24
4339,强行,408
4340,压迫,36
4341,证明,72
4342,对雨,12
4343,9102,48
4344,gaki,12
4345,彼端,48
4346,降雨量,24
4347,变胖,36
4348,创收,12
4349,转移,12
4350,精准,48
4351,可惜,168
4352,号称,12
4353,情愫,60
4354,奇观,36
4355,坚持,72
4356,精美壁纸,12
4357,异变,36
4358,大过天,12
4359,飞溅,24
4360,关爱,12
4361,年轻,36
4362,手纸,12
4363,事实,24
4364,排斥,36
4365,二百年,36
4366,玻璃球,48
4367,No,36
4368,一次,240
4369,文学,12
4370,鞋子,12
4371,翻译,84
4372,不思进取,36
4373,愤青,12
4374,之妙,12
4375,脱离,72
4376,讽刺,24
4377,沉没,156
4378,似曾相识,36
4379,信息,12
4380,心头,24
4381,过得去,12
4382,借口,24
4383,涉谷,36
4384,不顾一切,120
4385,连为一体,12
4386,喜怒哀乐,36
4387,描绘,96
4388,后景,36
4389,女性,60
4390,高光,12
4391,定义,24
4392,那部来,12
4393,仪式,36
4394,落下,12
4395,诚写,10
4396,家族,60
4397,大仙,24
4398,tnd,144
4399,冲击,24
4400,不了,132
4401,本身,60
4402,脑内,36
4403,递进,36
4404,一念间,36
4405,未尽,36
4406,溶解,36
4407,主会,36
4408,忽悠,12
4409,爱情观,60
4410,求婚,12
4411,取消,36
4412,编不,12
4413,时带,36
4414,合理性,144
4415,想起,84
4416,那层,12
4417,顾虑,48
4418,暴雨,120
4419,地铁,24
4420,BGM,120
4421,不续,12
4422,奋不顾身,228
4423,七彩,36
4424,年长,24
4425,G2,12
4426,粗糙,12
4427,不免,48
4428,顶楼,36
4429,摸透,12
4430,痛感,24
4431,救命,24
4432,反复无常,12
4433,表达,384
4434,男主中,12
4435,相互,48
4436,能以,12
4437,一本,12
4438,能力,204
4439,局限,12
4440,燥热,12
4441,精致,252
4442,受不了,84
4443,痕迹,36
4444,高傲,12
4445,流苏,36
4446,又名,84
4447,一股,96
4448,延续下去,12
4449,条件,36
4450,hills,48
4451,表白,12
4452,自身,36
4453,化而,36
4454,灾难,24
4455,很绝,12
4456,因此,108
4457,氧气,36
4458,打扰到,12
4459,背离,72
4460,兑换,36
4461,音乐,972
4462,小鬼,36
4463,自如,12
4464,打动,132
4465,透明化,36
4466,跌落,12
4467,觉悟,12
4468,地下,12
4469,泪流满面,12
4470,肥猫,12
4471,霓虹,132
4472,再献,12
4473,地区,12
4474,mtime,12
4475,聚焦,12
4476,夜晚,24
4477,成长,168
4478,男女,516
4479,喜歡,36
4480,忘记,12
4481,少女,492
4482,7.23,12
4483,偶遇,24
4484,更为,36
4485,跑步,24
4486,心动,36
4487,with,72
4488,下着雨,12
4489,机会,36
4490,活力,36
4491,而是,228
4492,樱花,36
4493,出于,24
4494,去死吧,12
4495,男人,48
4496,世俗,132
4497,朋友,24
4498,跟着,60
4499,琳琅满目,12
4500,话语权,36
4501,前女友,36
4502,消逝,24
4503,批判,60
4504,蛋巡,24
4505,一面,48
4506,执念,60
4507,作品,720
4508,却是,84
4509,受难,12
4510,建立,48
4511,光污染,36
4512,suniuz,36
4513,拜托,48
4514,通过,144
4515,Kaji,12
4516,迷人,36
4517,当两人,24
4518,一会,24
4519,是因为,48
4520,半全,36
4521,服务,12
4522,匆匆,12
4523,中二和神,12
4524,看多,24
4525,稚嫩,12
4526,答卷,36
4527,而略,48
4528,容易,24
4529,四星,108
4530,十足,48
4531,不能容忍,48
4532,外语片,36
4533,诚而,10
4534,丧逼,12
4535,欢喜,36
4536,设定,516
4537,观影,180
4538,成年人,144
4539,束手无策,36
4540,某些,36
4541,洗白,36
4542,那里,12
4543,青少年,84
4544,没错,12
4545,好烦,72
4546,一个遍,12
4547,几个,120
4548,久别重逢,36
4549,纸巾,12
4550,配乐,312
4551,原声带,12
4552,照理,12
4553,只想,36
4554,单调,36
4555,蜻蜓点水,12
4556,望京,12
4557,喜悅,36
4558,考虑,36
4559,扎克,12
4560,好评,72
4561,望见,36
4562,次郎,228
4563,夜里,12
4564,提升,36
4565,好久,12
4566,一模一样,48
4567,又会在,12
4568,少男少女,120
4569,重击,12
4570,封闭,12
4571,笑笑,36
4572,日子,12
4573,脑真,36
4574,雪中,12
4575,回答,36
4576,摄影机,12
4577,局部,12
4578,真有,24
4579,女主连枪,36
4580,如果说,36
4581,放手,36
4582,评审,36
4583,闻到,36
4584,抑郁,36
4585,不下雨,24
4586,魅力,144
4587,把手,24
4588,打出,36
4589,我要,84
4590,这里,120
4591,一部,720
4592,跳戏,12
4593,阻碍,12
4594,不惜,144
4595,短板,36
4596,展开,120
4597,韶华,36
4598,归来,24
4599,追着,12
4600,万民,24
4601,苍生,12
4602,概率,12
4603,探討,12
4604,满血,24
4605,精秀,36
4606,买账,12
4607,密集,36
4608,社畜,48
4609,百分百,36
4610,湿透,36
4611,预告,60
4612,架构,72
4613,脱线,12
4614,叫做,24
4615,一塌糊涂,36
4616,数出,36
4617,前进,48
4618,晴朗,36
4619,社交,12
4620,配合,72
4621,times,36
4622,电到,12
4623,缺点,72
4624,放心,36
4625,最好,96
4626,100%,72
4627,风格,252
4628,般的,24
4629,框架,48
4630,认同,12
4631,仿佛,84
4632,女一号,36
4633,绝艳,36
4634,思路,36
4635,再次,108
4636,擅用,12
4637,恐吓,36
4638,大学教授,12
4639,其一,36
4640,纯属,12
4641,术业,24
4642,自然,264
4643,男版,12
4644,村上春树,36
4645,惶恐不已,12
4646,上部,36
4647,以上,12
4648,肉眼,12
4649,应激,12
4650,纯洁,36
4651,探索,36
4652,台阶,36
4653,TOHO,24
4654,画质,60
4655,中空,36
4656,产生共鸣,36
4657,嫌歌,36
4658,姐姐,108
4659,越美越,36
4660,增长,12
4661,感动,780
4662,警官,12
4663,差不多,84
4664,大放异彩,12
4665,战胜,36
4666,上空,36
4667,地球,144
4668,再说,48
4669,使命,12
4670,大卖,12
4671,吐口,12
4672,bgm,36
4673,早上,72
4674,成年,48
4675,举个,36
4676,油腻,48
4677,知情,36
4678,大哥,12
4679,再用,12
4680,透支,12
4681,看不下去,12
4682,武士,12
4683,断线,12
4684,推动,48
4685,摇摆,12
4686,总能,12
4687,奇怪,60
4688,21,12
4689,重看,60
4690,转向,60
4691,看似,144
4692,叙事,480
4693,透出,12
4694,平庸,12
4695,倒塌,24
4696,相遇,264
4697,值得,156
4698,时候,372
4699,声音,132
4700,贵团,24
4701,还给,24
4702,神殿,12
4703,无私,12
4704,激烈,36
4705,代代木,156
4706,事儿,12
4707,并不认为,12
4708,不愿,8
4709,而來,36
4710,静静,12
4711,明亮,36
4712,自私,396
4713,酬劳,12
4714,终极,12
4715,就值,12
4716,成全,108
4717,湿地,12
4718,原则,36
4719,商业片,120
4720,放任,48
4721,离奇,12
4722,小孩子,156
4723,甜膩,36
4724,不禁,12
4725,时刻,60
4726,太低,12
4727,老是,12
4728,現在,24
4729,只要,348
4730,时空,96
4731,一代,12
4732,之类,60
4733,主流,84
4734,不见,12
4735,第一,72
4736,极具,60
4737,一段,216
4738,第一部,12
4739,心爱,36
4740,不由,12
4741,尽全力,12
4742,光谱,36
4743,.....,24
4744,感性,36
4745,过时,72
4746,经费,24
4747,不像,12
4748,业界,36
4749,或多或少,60
4750,环保,12
4751,忍着,12
4752,难题,12
4753,差点,36
4754,失忆,36
4755,诚哥粉,24
4756,口号,12
4757,失去,132
4758,上乘,12
4759,感染力,24
4760,女主角,48
4761,发展,96
4762,心思,12
4763,所幸,36
4764,情爱,36
4765,无处可逃,12
4766,还好,48
4767,机动队,36
4768,郭敬明,24
4769,向前,84
4770,技术水准,12
4771,老调重弹,36
4772,奇幻,324
4773,色情,12
4774,民俗文化,24
4775,气氛,36
4776,传说,60
4777,汉考克,36
4778,游轮,12
4779,大人,96
4780,惯用,24
4781,2018,24
4782,戏剧,84
4783,搞点,60
4784,画面,2316
4785,当做,36
4786,叔叔,36
4787,智商,48
4788,天子,12
4789,争议,72
4790,文本,156
4791,第三次,60
4792,克制,12
4793,家人,48
4794,多一点,12
4795,认定,12
4796,太精彩,36
4797,本该,48
4798,感到,108
4799,发抖,12
4800,8.4,12
4801,牵引,36
4802,全世界,396
4803,比世紀,36
4804,情结,108
4805,来到,84
4806,无脑,12
4807,認知,12
4808,生活,252
4809,玄幻片,12
4810,人与自然,12
4811,中段,24
4812,特有,12
4813,风景,24
4814,之外,12
4815,迷蒙,12
4816,逃亡,24
4817,蒙骗,12
4818,低下,48
4819,这边,24
4820,弹幕,12
4821,森帆,12
4822,后知后觉,12
4823,戴着,36
4824,召唤,36
4825,比秒,10
4826,没关系,12
4827,不能,360
4828,设置,96
4829,中二癌,36
4830,渐次,36
4831,视而不见,12
4832,湿乎乎,36
4833,文明,36
4834,戛然而止,36
4835,片刻,12
4836,君绝,36
4837,16,216
4838,所思,36
4839,不怕,12
4840,下能,36
4841,中文字幕,36
4842,同步,12
4843,真是太,24
4844,私人,72
4845,一重,36
4846,滔天,216
4847,正面,36
4848,几遍,24
4849,这座,156
4850,太强,12
4851,相逢,36
4852,壁画,12
4853,认识,36
4854,敬佩,48
4855,.......,24
4856,盛放,36
4857,岸边,12
4858,糟蹋,12
4859,半个,12
4860,传播,12
4861,遇到,108
4862,心善,24
4863,从来不,72
4864,每天,48
4865,圣经,12
4866,人去,48
4867,谱写,72
4868,显然,12
4869,精彩,84
4870,現依舊,12
4871,仍能,48
4872,稍弱,12
4873,阴霾,24
4874,多山,12
4875,佩服,12
4876,海诚哥,36
4877,果真,12
4878,划过,12
4879,言叶之庭,36
4880,誓言,36
4881,不可否认,12
4882,双手,24
4883,不动情,36
4884,冬雷震,36
4885,他们,528
4886,一套,48
4887,极爱,36
4888,认真,96
4889,自我,276
4890,引起,48
4891,升级版,12
4892,玻璃,72
4893,閃過,36
4894,别搞,36
4895,分神,12
4896,整体,132
4897,态度,120
4898,圈圈,12
4899,魔幻,12
4900,无视,36
4901,拍电影,36
4902,一定,168
4903,插嘴,36
4904,在所不惜,12
4905,散文诗,12
4906,出门,36
4907,神特,12
4908,强调,48
4909,司空见惯,12
4910,一把,156
4911,红颜,12
4912,西卡,12
4913,写实,48
4914,看热闹,12
4915,女主,432
4916,霍尔,12
4917,凝聚,48
4918,回避,24
4919,果真如此,12
4920,190719,36
4921,com,12
4922,三流,12
4923,黑暗,12
4924,動畫,12
4925,09,12
4926,蚍蜉,36
4927,日式,60
4928,断断续续,12
4929,庞大,12
4930,极强,12
4931,中下游,12
4932,符号,36
4933,太慢,12
4934,提示,12
4935,锤炼,12
4936,尤指,12
4937,puppy,12
4938,不温不火,36
4939,一直,564
4940,实现,84
4941,典型,36
4942,大都市,48
4943,昨天晚上,12
4944,滂沱大雨,12
4945,却明,12
4946,激动,36
4947,集中,12
4948,规则,12
4949,疾速,36
4950,远超,36
4951,六月,36
4952,注意,108
4953,爽到,12
4954,早熟,12
4955,许仙,12
4956,贩卖,12
4957,自嘲,12
4958,交互,12
4959,源头,60
4960,乘着,12
4961,宁愿,60
4962,听个,12
4963,触景生情,36
4964,衔接,24
4965,太迷,24
4966,招牌,12
4967,稳定,12
4968,网络,12
4969,下线,12
4970,年纪,204
4971,重新,48
4972,入微,12
4973,闭上眼睛,12
4974,恰恰相反,48
4975,真实,132
4976,判定,12
4977,盛开,12
4978,电池,12
4979,怎么样,96
4980,短片,120
4981,当真,36
4982,出现,384
4983,堂堂正正,36
4984,以致,48
4985,宫水,60
4986,乌托邦,36
4987,ins,12
4988,一段时间,36
4989,上晃,24
4990,对味,12
4991,感天动地,48
4992,棒读,24
4993,有没有,12
4994,痛快,48
4995,企盼,12
4996,言叶,110
4997,节奏,636
4998,连续剧,12
4999,葛城美里,24
5000,落入,12
5001,2019.7,12
5002,没多大,24
5003,不下,36
5004,永恒,72
5005,迷路,36
5006,来说,156
5007,太烂,12
5008,小时候,12
5009,对抗,204
5010,原来,132
5011,下载,12
5012,古典,12
5013,Teenage,12
5014,空隙,12
5015,格局,144
5016,跨过,36
5017,艺术,72
5018,喃念,36
5019,论中,12
5020,既視,24
5021,记不住,36
5022,浸泡,36
5023,挣扎,84
5024,转阴,12
5025,神子,12
5026,逆转,36
5027,只是,696
5028,桌面,36
5029,真别,36
5030,例子,72
5031,创造,12
5032,前期,24
5033,经典,36
5034,诚真香,10
5035,万万,72
5036,对不起,48
5037,配樂,12
5038,回归,72
5039,今天,168
5040,性格,36
5041,包括,84
5042,吃老本,12
5043,故意,12
5044,天晴,180
5045,复活,24
5046,不同,180
5047,夹杂,12
5048,多雨,12
5049,研究,48
5050,错觉,36
5051,我们,1164
5052,略输,36
5053,惊天动地,36
5054,大调,12
5055,想要,336
5056,不滿,12
5057,城里,36
5058,发问,24
5059,背景,96
5060,营造,60
5061,原型,12
5062,人类文明,12
5063,唯物论,12
5064,那天,36
5065,经济,24
5066,之力,12
5067,新一代,36
5068,令人作呕,12
5069,差远了,12
5070,开场,36
5071,真嗣,24
5072,比不上,72
5073,我面,36
5074,官宣,12
5075,缓慢,12
5076,打败,12
5077,遗忘,48
5078,呼呼,36
5079,依旧会,12
5080,沉迷,24
5081,开来,12
5082,时间,36
5083,不错,204
5084,幸好,12
5085,眼睛,36
5086,矫揉造作,12
5087,记忆,60
5088,五和言叶,10
5089,聪明,36
5090,编剧,72
5091,撒币,12
5092,没讨,12
5093,生机,36
5094,勝負,36
5095,不成,12
5096,圭介,36
5097,经营,12
5098,圣母,36
5099,最本物,36
5100,附着,72
5101,与否,36
5102,落雨,48
5103,所以,552
5104,the,48
5105,奈何,48
5106,日系,48
5107,大胆,96
5108,男主角,108
5109,http,12
5110,一帧,36
5111,以旧,12
5112,唯有,36
5113,拿肉,12
5114,体现,60
5115,方式,240
5116,交代,48
5117,超美,12
5118,接班人,12
5119,骨子里,24
5120,出走,12
5121,另一方面,12
5122,层面,48
5123,形体,36
5124,百看不厌,12
5125,老大不小,48
5126,韭菜,12
5127,自作聪明,12
5128,一往无前,24
5129,曲吵,60
5130,比前,48
5131,神似,24
5132,心中,24
5133,10,168
5134,多罗,12
5135,关掉,12
5136,二刷,60
5137,這個,36
5138,强烈,12
5139,不虐,36
5140,这雨,12
5141,致死,12
5142,尚好,12
5143,各路,24
5144,何在,12
5145,学生,12
5146,抵抗力,48
5147,停留,48
5148,自君名,12
5149,友好,12
5150,默念,12
5151,嘲讽,24
5152,公式化,36
5153,后半场,36
5154,寻找,96
5155,自古以来,12
5156,半点,60
5157,祭奠,12
5158,御姐,12
5159,再也,12
5160,无意,36
5161,大于,24
5162,一下下,24
5163,口吻,12
5164,讲法,36
5165,日漫,108
5166,花绽放,36
5167,可见,72
5168,第二个,12
5169,少年人,12
5170,服气,36
5171,时不时,12
5172,翩翩,12
5173,阴天,84
5174,初次,24
5175,老太太,12
5176,以爱,12
5177,節奏,36
5178,极简,24
5179,架空,60
5180,后加,12
5181,猪八戒,36
5182,必须,60
5183,立花,120
5184,自怨,12
5185,非得,48
5186,寻求,48
5187,一句,168
5188,悦耳,12
5189,重合,12
5190,換回,12
5191,太棒,12
5192,无可挑剔,60
5193,母體,36
5194,选择,684
5195,阻拦,12
5196,不然,12
5197,适应,48
5198,流落,12
5199,执着,96
5200,保持,72
5201,从头,36
5202,收回,36
5203,主人公,84
5204,如果,600
5205,心态,24
5206,迷恋,36
5207,风味,12
5208,而后,12
5209,误入歧途,12
5210,尤其,252
5211,打散,36
5212,讨论,60
5213,前排,12
5214,剧本,180
5215,祈祷,96
5216,画出,12
5217,但節,12
5218,景观,84
5219,冰雹,24
5220,社会秩序,36
5221,近景,12
5222,贺夏美喊,24
5223,危险,96
5224,不已,12
5225,这片,144
5226,当成,12
5227,不足之处,12
5228,微微,36
5229,光明,24
5230,想像,36
5231,虔诚,12
5232,劇情,36
5233,輕氣盛,12
5234,转变,24
5235,森见,12
5236,goodbye,36
5237,肆意,12
5238,穿越,108
5239,正当,12
5240,绑架,84
5241,绝然,36
5242,之名,12
5243,同样,24
5244,霏霏细雨,36
5245,无比,84
5246,严肃,12
5247,畫面,36
5248,估计,36
5249,一震,36
5250,大部分,36
5251,装逼,12
5252,歇斯底里,84
5253,二人转,12
5254,地说,36
5255,砍成,36
5256,凑合,24
5257,截图,12
5258,多年,60
5259,组合,12
5260,水浸,12
5261,唱和,12
5262,记错,36
5263,助力,12
5264,那套,12
5265,类似,144
5266,恰恰,48
5267,反过来说,24
5268,绵绵,12
5269,重心,36
5270,充满,48
5271,肉身,36
5272,附送,36
5273,干预,48
5274,美学,24
5275,只靠,48
5276,大杂烩,12
5277,缭乱,36
5278,因为,684
5279,第三幕,12
5280,牵连,36
5281,反倒,48
5282,不对劲,12
5283,华彩,36
5284,毅然,36
5285,无需,12
5286,咖啡,36
5287,点评,12
5288,趋同性,36
5289,年前,36
5290,冷气,36
5291,脆弱,48
5292,掌声,12
5293,荒野,12
5294,爱之梦,36
5295,统统,12
5296,一镜,108
5297,不可,60
5298,潮水,48
5299,转型,48
5300,激进,36
5301,诚拿起,20
5302,物候,36
5303,何况,12
5304,豆瓣,72
5305,今年,96
5306,了不起,12
5307,过分,120
5308,这点,108
5309,风晴雪,12
5310,改变,372
5311,大丈夫,36
5312,愛漫,24
5313,废旧,48
5314,人员名单,36
5315,夏夜,12
5316,和洋,42
5317,各位,36
5318,这样的话,12
5319,失控,84
5320,老百姓,12
5321,做事,12
5322,商业化,132
5323,到头来,12
5324,来得,12
5325,华点,12
5326,扭转,36
5327,不如说,12
5328,感谢,72
5329,出中,12
5330,可言,24
5331,记得,96
5332,晴空,84
5333,共谋,12
5334,为重,72
5335,完成,36
5336,留在,12
5337,着实,36
5338,虽说,12
5339,负担,12
5340,to,36
5341,突出点,12
5342,札幌,12
5343,不再,180
5344,倾向,48
5345,最终,108
5346,微妙,48
5347,窝心,12
5348,电影院,228
5349,jpg,60
5350,逆流,12
5351,今年夏天,12
5352,满分,156
5353,人往,12
5354,主角,372
5355,以外,12
5356,做到,120
5357,票房,24
